,,0
Number_Adult_Deaths,Population,0.9601254127110932
Percent_Frequent_Physical_Distress,Percent_Frequent_Mental_Distress,0.9393165945775983
COVID_Confirm,COVID_Death,0.9247109266386139
Number_Adult_Deaths,Number_Child_Deaths,0.8716979243863164
Household_Income,Household_ income_White,0.8539849136792536
Number_Child_Deaths,Population,0.8466498088875184
Percent_Hispanic,Percent_ Not_Proficient_English,0.842435973356477
Percent_African_American,Percent_White,0.771029859929959
Age_Adjusted_Mortality,Percent_Frequent_Physical_Distress,0.7566796190836277
Age_Adjusted_Mortality,Percent_Frequent_Mental_Distress,0.7474682227494104
Household_Income,Percent_Free_Reduced_Lunch,0.7396323579704768
Percent_Frequent_Physical_Distress,Household_Income,0.736484809459522
Percent_Food_Insecure,Percent_African_American,0.7364094243611164
Percent_Frequent_Mental_Distress,Household_Income,0.7238281641295327
Percent_Frequent_Physical_Distress,Percent_Insufficient_ Sleep,0.7171050871722034
Percent_Frequent_Mental_Distress,Percent_Insufficient_ Sleep,0.715111712180665
Percent_Frequent_Physical_Distress,Percent_Free_Reduced_Lunch,0.712798218853419
Age_Adjusted_Mortality,Percent_Diabetic,0.7091192147561701
COVID_Confirm,Population,0.7083015902412946
COVID_Confirm,Number_Adult_Deaths,0.7056749948108876
Age_Adjusted_Mortality,Household_Income,0.7035331771049453
Age_Adjusted_Mortality,Age_Adjusted_Mortality_White,0.6945078798185214
Percent_Frequent_Mental_Distress,Percent_Diabetic,0.6923341226588229
Percent_Food_Insecure,Percent_Free_Reduced_Lunch,0.6861672556428734
Percent_Frequent_Mental_Distress,Percent_Food_Insecure,0.6858357281748404
Percent_Frequent_Physical_Distress,Percent_Food_Insecure,0.6846348407369339
Percent_Frequent_Mental_Distress,Percent_Free_Reduced_Lunch,0.6767870089498675
Percent_Frequent_Physical_Distress,Percent_Diabetic,0.6700699456469043
Percent_Food_Insecure,Household_Income,0.660979820891558
Age_Adjusted_Mortality,Percent_Food_Insecure,0.6590620973204003
COVID_Death,Number_Adult_Deaths,0.6573323479040366
Number_Child_Deaths,Number_Infant_Deaths,0.6573039976326385
Age_Adjusted_Mortality,Percent_Free_Reduced_Lunch,0.6558480560817889
Percent_Uninsured_Adults,Percent_Uninsured_Children,0.6557267707800855
Percent_Diabetic,Percent_Insufficient_ Sleep,0.6229998483427506
COVID_Confirm,Number_Child_Deaths,0.6209866205399667
COVID_Death,Population,0.6145734684107786
Percent_Diabetic,Household_Income,0.6052945226154532
Percent_Frequent_Mental_Distress,Household_ income_White,0.6014539652976814
Percent_Frequent_Physical_Distress,Household_ income_White,0.5970882249346752
Percent_Diabetic,Percent_Free_Reduced_Lunch,0.5949745463285089
Age_Adjusted_Mortality,Percent_Insufficient_ Sleep,0.5924881178100904
Percent_Under18,Percent_65_and_over,0.5839506962782537
HIV_Prevalence_Rate,Percent_African_American,0.5827815247824524
Age_Adjusted_Mortality_White,Percent_Frequent_Physical_Distress,0.5823366686181151
Age_Adjusted_Mortality,Household_ income_White,0.5803409416992727
Percent_Diabetic,Percent_Food_Insecure,0.5794799107474593
Drug_Overdose_Mortality_Rate,Range Drug Overdose Mortality Rate,0.5768359430356923
Number_Adult_Deaths,Number_Infant_Deaths,0.5731967019633388
Age_Adjusted_Mortality_White,Percent_Frequent_Mental_Distress,0.5725202364867135
Percent_Uninsured_Adults,Percent_Free_Reduced_Lunch,0.5709277719715689
Age_Adjusted_Mortality_White,Percent_Diabetic,0.5651151003909352
Population,Percent_Asian,0.5633304811120958
Age_Adjusted_Mortality,Heath_Care_Costs,0.5597385952652916
COVID_Death,Number_Child_Deaths,0.558310679210683
Motor_Vehicle_Mortality_Rate,Percent_Rural,0.5555870394870139
Number_Infant_Deaths,Population,0.5554042435158622
Percent_Uninsured_Adults,Percent_White,0.5532274792112873
Percent_Free_Reduced_Lunch,Percent_African_American,0.5460473168211935
Household_ income_White,Percent_Asian,0.5424360702753056
Percent_Food_Insecure,Percent_Insufficient_ Sleep,0.5336969003672392
Household_ income_White,Percent_Free_Reduced_Lunch,0.5326199740277198
HIV_Prevalence_Rate,Percent_White,0.5317685421222021
Age_Adjusted_Mortality_White,Household_Income,0.531051878278666
Percent_Free_Reduced_Lunch,Percent_White,0.5233231589795406
Percent_Food_Insecure,Percent_White,0.5187955445197797
Percent_Asian,Percent_Rural,0.5137801866539174
Age_Adjusted_Mortality_White,Household_ income_White,0.5136794837481928
Percent_Hispanic,Percent_White,0.5117674308631424
Percent_Diabetic,Household_ income_White,0.5050327381692702
Age_Adjusted_Mortality,Motor_Vehicle_Mortality_Rate,0.5010190055476423
Percent_Insufficient_ Sleep,Percent_African_American,0.4932021739032959
Percent_Insufficient_ Sleep,Percent_Free_Reduced_Lunch,0.49222940156132194
Child_Mortality_Rate,Infant Mortality Rate,0.4894320927752451
Percent_White,Percent_ Not_Proficient_English,0.48682536361368556
Age_Adjusted_Mortality,Firearm_Fatalities_Rate,0.48546956746675424
Age_Adjusted_Mortality_White,Percent_Food_Insecure,0.4853358777430128
Age_Adjusted_Mortality_Black,Age_Adjusted_Mortality_White,0.483464407453587
Household_Income,Percent_Asian,0.48059357160456434
Number_Adult_Deaths,Percent_Rural,0.4805686545570068
Age_Adjusted_Mortality_White,Percent_Free_Reduced_Lunch,0.48021630013603556
Homicide_Rate,Percent_African_American,0.47536961364962443
Percent_65_and_over,Percent_Rural,0.4746598481016031
Motor_Vehicle_Mortality_Rate,Household_Income,0.4720029307047738
Infant Mortality Rate,Percent_Diabetic,0.4695212497641722
Population,Percent_Rural,0.46914660073496617
Age_Adjusted_Mortality,Infant Mortality Rate,0.4680759542592784
Household_Income,Firearm_Fatalities_Rate,0.46672716950500703
Number_Adult_Deaths,Percent_Asian,0.4657672026997527
Household_ income_White,Percent_Rural,0.4637047686213615
Age_Adjusted_Mortality,Percent_Disconnected_Youth,0.4633360508898782
Percent_Food_Insecure,Homicide_Rate,0.45959327403697986
Percent_Diabetic,Heath_Care_Costs,0.45602937769503754
Age_Adjusted_Mortality_White,Firearm_Fatalities_Rate,0.45590788808008537
Percent_Free_Reduced_Lunch,Firearm_Fatalities_Rate,0.45337733893355636
Age_Adjusted_Mortality_White,Percent_Insufficient_ Sleep,0.45081175566848825
Percent_Diabetic,Percent_African_American,0.44968228204284905
Percent_Food_Insecure,Percent_Uninsured_Adults,0.4464749836571988
Household_Income,Percent_Rural,0.442836053818816
Percent_Frequent_Physical_Distress,Percent_Disconnected_Youth,0.4426989865241313
Percent_Food_Insecure,Household_ income_White,0.43849078846697603
Percent_Disconnected_Youth,Household_Income,0.43712106699328224
Percent_Disconnected_Youth,Percent_Free_Reduced_Lunch,0.4364003388531844
Percent_Uninsured_Adults,Household_Income,0.43590685595077444
Percent_Insufficient_ Sleep,Heath_Care_Costs,0.43403338416816795
Child_Mortality_Rate,Homicide_Rate,0.43367126188590016
Homicide_Rate,Firearm_Fatalities_Rate,0.4316998169057724
Percent_Food_Insecure,Firearm_Fatalities_Rate,0.43162174986967483
Motor_Vehicle_Mortality_Rate,Firearm_Fatalities_Rate,0.4309288708248918
Percent_Food_Insecure,Percent_Disconnected_Youth,0.42783003977978423
Percent_Frequent_Physical_Distress,Firearm_Fatalities_Rate,0.42659899646617877
Percent_Frequent_Mental_Distress,Firearm_Fatalities_Rate,0.42464276232610165
Age_Adjusted_Mortality_White,Heath_Care_Costs,0.42378080842010835
Age_Adjusted_Mortality_White,Percent_Disconnected_Youth,0.4237403391568754
COVID_Confirm,Number_Infant_Deaths,0.4232522894469086
Age_Adjusted_Mortality_White,Infant Mortality Rate,0.42322948317202264
HIV_Prevalence_Rate,Percent_Food_Insecure,0.42076983476520896
Percent_Insufficient_ Sleep,Household_Income,0.4205847291152342
Infant Mortality Rate,Percent_Free_Reduced_Lunch,0.41572684823634154
Percent_Diabetic,Motor_Vehicle_Mortality_Rate,0.41300881017609065
Percent_Frequent_Physical_Distress,Percent_Uninsured_Adults,0.4105935084804064
Motor_Vehicle_Mortality_Rate,Household_ income_White,0.4087643702846787
Segregation_Index_Black_White,Percent_African_American,0.40764181737632493
Percent_Frequent_Physical_Distress,Heath_Care_Costs,0.4072759483027687
COVID_Confirm,Percent_Asian,0.4032231025665339
Child_Mortality_Rate_White,Infant_Mortality_Rate_White,0.4031534536675319
Age_Adjusted_Mortality,Child_Mortality_Rate,0.40260730996983124
Infant Mortality Rate,Percent_Frequent_Physical_Distress,0.4017016954978747
Household_ income_White,Firearm_Fatalities_Rate,0.3992672620229434
Motor_Vehicle_Mortality_Rate,Percent_Free_Reduced_Lunch,0.3990682854891907
Percent_Frequent_Mental_Distress,Range Drug Overdose Mortality Rate,0.3963704392748474
Percent_Free_Reduced_Lunch,Homicide_Rate,0.3962645376203823
Percent_Uninsured_Adults,Firearm_Fatalities_Rate,0.39608508066703907
Percent_Frequent_Mental_Distress,Percent_Disconnected_Youth,0.3960562167892476
Age_Adjusted_Mortality_White,Percent_Uninsured_Adults,0.39427824658570265
Age_Adjusted_Mortality,Percent_Uninsured_Adults,0.3920532828396673
Percent_Diabetic,Percent_Disconnected_Youth,0.390986660809045
Infant Mortality Rate,Percent_Frequent_Mental_Distress,0.390303317071698
Age_Adjusted_Mortality,Range Drug Overdose Mortality Rate,0.3899991509036015
Infant Mortality Rate,Household_Income,0.3898081809102608
Percent_Diabetic,Firearm_Fatalities_Rate,0.38917701625067225
Household_Income,Household_ income_Hispanic,0.38845699726431954
Infant Mortality Rate,Homicide_Rate,0.38796514915743874
Child_Mortality_Rate,Motor_Vehicle_Mortality_Rate,0.3872403428668008
Percent_Frequent_Physical_Distress,Percent_African_American,0.38680015081219354
Child_Mortality_Rate,Household_Income,0.3867295346809634
Age_Adjusted_Mortality,Age_Adjusted_Mortality_Black,0.3859782588882124
Number_Child_Deaths,Percent_Asian,0.3859677189242966
Motor_Vehicle_Mortality_Rate,Percent_Uninsured_Adults,0.3859341036460963
Percent_Uninsured_Adults,Percent_Hispanic,0.38548303648520027
Segregation_Index_Black_White,Segregation_Index_Nonwhite_White,0.3852986027199779
COVID_Death,Number_Infant_Deaths,0.38390601367737326
Percent_Frequent_Mental_Distress,Percent_Uninsured_Adults,0.38320161672137143
Household_Income,Household_ income_Black,0.3823183459306103
Age_Adjusted_Mortality,Percent_African_American,0.382219591451818
Household_ income_White,Population,0.3821992354104433
Infant Mortality Rate,Percent_Food_Insecure,0.3799934867017258
Age_Adjusted_Mortality_White,Motor_Vehicle_Mortality_Rate,0.3786409515136752
Percent_Uninsured_Adults,Percent_African_American,0.3718073297153408
Motor_Vehicle_Mortality_Rate,Percent_Disconnected_Youth,0.3699664048581063
Percent_Frequent_Mental_Distress,Heath_Care_Costs,0.3697993906928914
Child_Mortality_Rate,Firearm_Fatalities_Rate,0.3688398590142905
Age_Adjusted_Mortality_White,Homicide_Rate,0.36753930535171775
Motor_Vehicle_Mortality_Rate,Percent_Asian,0.36730373559626767
Child_Mortality_Rate,Percent_Diabetic,0.3668208547111784
Homicide_Rate,Percent_White,0.36663868240013636
Household_ income_Hispanic,Household_ income_White,0.3651120329090994
Age_Adjusted_Mortality_White,Child_Mortality_Rate,0.3631238082637518
Percent_Frequent_Mental_Distress,Percent_African_American,0.3622121751526209
Child_Mortality_Rate,Percent_Disconnected_Youth,0.3621699074511939
Percent_Uninsured_Adults,Percent_ Not_Proficient_English,0.36199877104895567
Percent_Asian,Percent_ Not_Proficient_English,0.3618058769785246
Percent_Frequent_Physical_Distress,Range Drug Overdose Mortality Rate,0.3615820722973726
Child_Mortality_Rate,Percent_Food_Insecure,0.35772634308138795
Age_Adjusted_Mortality,Homicide_Rate,0.35638037780683934
Percent_Diabetic,Percent_Rural,0.3556724861037712
Percent_Frequent_Physical_Distress,Motor_Vehicle_Mortality_Rate,0.35280140577339303
Household_ income_White,Percent_65_and_over,0.35165142086305107
Number_Child_Deaths,Percent_Rural,0.351582531321934
Percent_Disconnected_Youth,Household_ income_White,0.350376380336561
Percent_Under18,Percent_ Not_Proficient_English,0.3500786281655839
Segregation_Index_Black_White,Percent_White,0.35000447885540276
Percent_Food_Insecure,Heath_Care_Costs,0.3496832197122203
Percent_Frequent_Mental_Distress,Drug_Overdose_Mortality_Rate,0.3487538239630879
Child_Mortality_Rate,Percent_Free_Reduced_Lunch,0.3482581129550547
COVID_Death,Percent_Asian,0.34732939765871407
Infant Mortality Rate,Percent_Insufficient_ Sleep,0.34563151267398345
Percent_Uninsured_Children,Percent_Hispanic,0.34465462068128666
Household_ income_Black,Household_ income_White,0.34163328581204433
Infant Mortality Rate,Percent_African_American,0.33721033730024863
Percent_Disconnected_Youth,Homicide_Rate,0.3370973248159181
HIV_Prevalence_Rate,Homicide_Rate,0.3368075463880548
Percent_Diabetic,Homicide_Rate,0.3362033617881559
Age_Adjusted_Mortality_Black,Household_Income,0.33607896747460325
Percent_Food_Insecure,Motor_Vehicle_Mortality_Rate,0.3355001368437932
Child_Mortality_Rate_Black,Infant_Mortality_Rate_Black,0.3352754940303467
Percent_Uninsured_Adults,Segregation_Index_Black_White,0.3348292061911127
COVID_Confirm,Household_ income_White,0.3336708565642213
Household_ income_Hispanic,Percent_Free_Reduced_Lunch,0.3305961182142743
Age_Adjusted_Mortality,Percent_Asian,0.33024054418935495
Age_Adjusted_Mortality,Drug_Overdose_Mortality_Rate,0.32973769289253607
Percent_Diabetic,Percent_Asian,0.3290179412446604
Motor_Vehicle_Mortality_Rate,Percent_Uninsured_Children,0.3288246274262858
Infant Mortality Rate,Percent_Disconnected_Youth,0.3283541172862794
Percent_Insufficient_ Sleep,Percent_White,0.327195193696741
Infant_Mortality_Rate_White,Percent_Frequent_Mental_Distress,0.32719198112157627
Household_Income,Homicide_Rate,0.3269821583834079
Percent_Insufficient_ Sleep,Percent_Disconnected_Youth,0.32643841873397517
Percent_Diabetic,Percent_Uninsured_Adults,0.32552996169706505
Infant Mortality Rate,Firearm_Fatalities_Rate,0.3249695150476996
Drug_Overdose_Mortality_Rate,Percent_Insufficient_ Sleep,0.32463559206292597
Percent_Under18,Percent_Hispanic,0.32401028084747596
Heath_Care_Costs,Household_Income,0.32391004803946977
Age_Adjusted_Mortality_White,Child_Mortality_Rate_White,0.3221038218702934
Percent_Frequent_Physical_Distress,Homicide_Rate,0.32176800395585936
Percent_ Not_Proficient_English,Percent_Rural,0.3210821441307023
Household_ income_Black,Percent_Free_Reduced_Lunch,0.3205262244589518
Population,Percent_ Not_Proficient_English,0.32022715552609393
Percent_65_and_over,Percent_Asian,0.31917424591356036
Infant_Mortality_Rate_Black,Infant_Mortality_Rate_Hispanic,0.3183598438960756
Heath_Care_Costs,Percent_Free_Reduced_Lunch,0.3181025021303852
Percent_Frequent_Physical_Distress,Drug_Overdose_Mortality_Rate,0.31743321499464744
Percent_Asian,Percent_Hawaiian_PacificIslander,0.31738827687555826
HIV_Prevalence_Rate,Percent_Insufficient_ Sleep,0.3166158635298283
Percent_65_and_over,Percent_White,0.3165305564901599
Infant Mortality Rate,Household_ income_White,0.31608141816456214
Age_Adjusted_Mortality_Black,Percent_Diabetic,0.31581781194241
Child_Mortality_Rate_Hispanic,Infant_Mortality_Rate_Hispanic,0.31575334798387994
Percent_Uninsured_Adults,Percent_Disconnected_Youth,0.3155557045277323
Child_Mortality_Rate,Household_ income_White,0.31467677244393816
Percent_Frequent_Physical_Distress,Percent_White,0.313810970828295
Percent_Frequent_Mental_Distress,Motor_Vehicle_Mortality_Rate,0.31361606494839117
Percent_Diabetic,Household_ income_Black,0.3134695038300174
Percent_Disconnected_Youth,Firearm_Fatalities_Rate,0.3130477079426048
Age_Adjusted_Mortality_Black,Household_ income_White,0.312710550385488
Household_Income,Percent_African_American,0.31191413002516843
Percent_Disconnected_Youth,Percent_Rural,0.31164657341370655
COVID_Confirm,Percent_Rural,0.3090342616959056
Age_Adjusted_Mortality,Household_ income_Black,0.3070218473786658
Infant_Mortality_Rate_White,Percent_Diabetic,0.3057620247801443
Infant Mortality Rate,Heath_Care_Costs,0.3053028302655808
Infant_Mortality_Rate_White,Percent_Frequent_Physical_Distress,0.30409019630169243
Number_Adult_Deaths,Household_ income_White,0.3036911694198442
Percent_Frequent_Physical_Distress,Household_ income_Hispanic,0.30242310795964705
HIV_Prevalence_Rate,Percent_Free_Reduced_Lunch,0.30174534057950836
Percent_Food_Insecure,Household_ income_Black,0.2993310330423357
Percent_Disconnected_Youth,Percent_African_American,0.2991137045770927
Infant Mortality Rate,Motor_Vehicle_Mortality_Rate,0.2982278314957557
Percent_Frequent_Mental_Distress,Homicide_Rate,0.29727213464260743
Percent_Free_Reduced_Lunch,Segregation_Index_Black_White,0.29637698956819536
Range Drug Overdose Mortality Rate,Household_ income_White,0.2958783929310196
COVID_Death,Household_ income_White,0.29450748246832814
Motor_Vehicle_Mortality_Rate,Homicide_Rate,0.29427224202982943
Percent_65_and_over,Percent_ Not_Proficient_English,0.2931976977100466
Motor_Vehicle_Mortality_Rate,Population,0.29301532672281927
Household_Income,Population,0.29276221139169495
Age_Adjusted_Mortality_White,Range Drug Overdose Mortality Rate,0.29176881407676636
Firearm_Fatalities_Rate,Percent_Rural,0.29067743767471965
Percent_Diabetic,Percent_Hispanic,0.28998403493123615
Age_Adjusted_Mortality_White,Infant_Mortality_Rate_White,0.2896457129784362
Age_Adjusted_Mortality,Infant_Mortality_Rate_White,0.28947247258636405
Infant_Mortality_Rate_White,Percent_Insufficient_ Sleep,0.28869912290376865
Child_Mortality_Rate,Percent_Frequent_Physical_Distress,0.2886849485122734
Child_Mortality_Rate,Percent_African_American,0.287624818691341
Percent_Frequent_Mental_Distress,Household_ income_Hispanic,0.2867526436858541
Household_Income,Percent_65_and_over,0.28674172209454163
Percent_Diabetic,Segregation_Index_Black_White,0.28655101473370215
Percent_Hispanic,Percent_Rural,0.2853553663405904
Infant Mortality Rate,Percent_Uninsured_Adults,0.2842000224405395
COVID_Confirm,Percent_ Not_Proficient_English,0.28364087385833975
Infant_Mortality_Rate_Black,Infant_Mortality_Rate_White,0.28360884320268914
Percent_Food_Insecure,Segregation_Index_Black_White,0.2833802564887771
Percent_Insufficient_ Sleep,Household_ income_White,0.2829040671737638
Percent_Disconnected_Youth,Percent_Female,0.2826912413704979
Percent_Uninsured_Children,Percent_Rural,0.28199661199328196
Age_Adjusted_Mortality_White,Percent_African_American,0.2795560732069632
Firearm_Fatalities_Rate,Percent_African_American,0.278148829195887
Percent_Frequent_Physical_Distress,Household_ income_Black,0.2776759331438835
Age_Adjusted_Mortality_White,Percent_Asian,0.2776189766594069
Number_Adult_Deaths,Motor_Vehicle_Mortality_Rate,0.27618658841155075
Motor_Vehicle_Mortality_Rate,Heath_Care_Costs,0.2753121539444759
Age_Adjusted_Mortality_Black,Percent_Frequent_Physical_Distress,0.2745939501365115
Range Drug Overdose Mortality Rate,Firearm_Fatalities_Rate,0.27440171501864175
Number_Adult_Deaths,HIV_Prevalence_Rate,0.2739213500465761
Age_Adjusted_Mortality,Percent_Rural,0.27381237652326795
COVID_Death,Percent_Rural,0.27329904436396757
Number_Adult_Deaths,Percent_ Not_Proficient_English,0.2713528577658317
Percent_Uninsured_Adults,Heath_Care_Costs,0.27089536411763193
Percent_Uninsured_Adults,Homicide_Rate,0.27060369589065564
Number_Child_Deaths,Percent_ Not_Proficient_English,0.26944455609432333
Infant Mortality Rate,Infant_Mortality_Rate_White,0.26931571905259605
Percent_Uninsured_Adults,Household_ income_White,0.2691078508332635
Percent_Food_Insecure,Household_ income_Hispanic,0.2689246428344121
Child_Mortality_Rate_White,Percent_Frequent_Mental_Distress,0.2688558209788975
Child_Mortality_Rate,Percent_Frequent_Mental_Distress,0.2687874480856492
Age_Adjusted_Mortality_White,Household_ income_Black,0.26862602063757285
Percent_Asian,Percent_White,0.2682266753581846
Child_Mortality_Rate_White,Percent_Frequent_Physical_Distress,0.26810459611623194
Age_Adjusted_Mortality_Black,Child_Mortality_Rate_Black,0.2676051800843428
Number_Adult_Deaths,Percent_White,0.2667810194771666
Number_Child_Deaths,HIV_Prevalence_Rate,0.2662734818272336
Number_Child_Deaths,Percent_White,0.26616620808072866
Age_Adjusted_Mortality_White,Drug_Overdose_Mortality_Rate,0.266089719503805
Child_Mortality_Rate,Percent_Uninsured_Adults,0.26566569055153644
Percent_Diabetic,Percent_ Not_Proficient_English,0.26508890329272433
Percent_Limited_Access,Percent_White,0.2633362448776532
Population,Percent_White,0.2621999484770237
Age_Adjusted_Mortality_Black,Motor_Vehicle_Mortality_Rate,0.26185147453357316
Percent_Uninsured_Children,Percent_ Not_Proficient_English,0.2616982411392062
Age_Adjusted_Mortality_Black,Percent_Food_Insecure,0.2612804943865087
Age_Adjusted_Mortality_Black,Infant Mortality Rate,0.26044023379284253
Age_Adjusted_Mortality_Black,Percent_Frequent_Mental_Distress,0.26031537402838373
Age_Adjusted_Mortality_Black,Child_Mortality_Rate,0.25988838616310184
HIV_Prevalence_Rate,Percent_Disconnected_Youth,0.2574829528192993
Household_ income_White,Percent_ Not_Proficient_English,0.25724674344829596
Population,Percent_65_and_over,0.2570793825283678
HIV_Prevalence_Rate,Percent_Uninsured_Adults,0.25676922112423195
Number_Child_Deaths,Household_ income_White,0.2564767665929788
Child_Mortality_Rate_White,Infant Mortality Rate,0.25617985470090576
Age_Adjusted_Mortality_Hispanic,Percent_Hispanic,0.255422330049867
Age_Adjusted_Mortality_Black,Heath_Care_Costs,0.25459540906632294
Heath_Care_Costs,Percent_Disconnected_Youth,0.25415739544394156
Firearm_Fatalities_Rate,Percent_Asian,0.2532045036448044
Percent_White,Percent_Rural,0.2530786197784204
Child_Mortality_Rate_White,Percent_Free_Reduced_Lunch,0.25268600279550274
Child_Mortality_Rate_White,Percent_Uninsured_Adults,0.25266964401284997
Percent_Frequent_Mental_Distress,Household_ income_Black,0.25244192224632345
Child_Mortality_Rate_White,Household_Income,0.252421344276965
Percent_Frequent_Mental_Distress,Percent_Asian,0.2520947249514093
Age_Adjusted_Mortality_Black,Firearm_Fatalities_Rate,0.25061858237160356
Percent_Frequent_Physical_Distress,Percent_Asian,0.2502446245508517
Child_Mortality_Rate_White,Firearm_Fatalities_Rate,0.24993486067895476
Age_Adjusted_Mortality_Black,Percent_Free_Reduced_Lunch,0.24979497033897435
Age_Adjusted_Mortality,HIV_Prevalence_Rate,0.2493992484358707
Range Drug Overdose Mortality Rate,Percent_Insufficient_ Sleep,0.24881482569227184
Heath_Care_Costs,Household_ income_White,0.24825671915334885
Age_Adjusted_Mortality_Hispanic,Percent_Female,0.2459540180895482
Percent_Diabetic,Range Drug Overdose Mortality Rate,0.2450673678454114
Child_Mortality_Rate_White,Motor_Vehicle_Mortality_Rate,0.24320506762375024
Percent_Frequent_Mental_Distress,Percent_White,0.24273732013091043
Age_Adjusted_Mortality_White,Segregation_Index_Black_White,0.24175260152883782
HIV_Prevalence_Rate,Population,0.24153928489466456
Age_Adjusted_Mortality_Black,Household_ income_Black,0.24088969354096668
Percent_Diabetic,Drug_Overdose_Mortality_Rate,0.23987406325699837
Range Drug Overdose Mortality Rate,Household_Income,0.23946769253929356
Child_Mortality_Rate_White,Percent_Diabetic,0.2390204218439122
Age_Adjusted_Mortality_White,Child_Mortality_Rate_Black,0.23832718984771356
Number_Adult_Deaths,Percent_65_and_over,0.23792170439791271
Percent_Free_Reduced_Lunch,Percent_Rural,0.2374313460390006
Age_Adjusted_Mortality,Household_ income_Hispanic,0.23716521934413248
Heath_Care_Costs,Household_ income_Black,0.236857744754798
Number_Adult_Deaths,Segregation_Index_Nonwhite_White,0.2366701321666224
Drug_Overdose_Mortality_Rate,Household_ income_White,0.2365544083967175
Child_Mortality_Rate_White,Percent_Food_Insecure,0.2362403798277957
Age_Adjusted_Mortality,Child_Mortality_Rate_White,0.23517362980299641
Age_Adjusted_Mortality_Black,Homicide_Rate,0.23499926867925403
Child_Mortality_Rate_White,Household_ income_White,0.23365188533435075
Number_Infant_Deaths,Percent_Asian,0.2336027076312437
Age_Adjusted_Mortality_Black,Percent_Asian,0.23277829403450026
Percent_Disconnected_Youth,Segregation_Index_Black_White,0.23230640495035412
Percent_Food_Insecure,Percent_Limited_Access,0.23146934121812993
Child_Mortality_Rate,Percent_Rural,0.23131336655058776
Percent_Under18,Percent_White,0.22913809809926375
COVID_Confirm,Household_Income,0.2289708898725629
Age_Adjusted_Mortality,Segregation_Index_Black_White,0.2282833465373949
Household_ income_White,Percent_Under18,0.22790677210630486
Child_Mortality_Rate,Percent_Asian,0.22781764774742377
Age_Adjusted_Mortality,Percent_White,0.22759408702534825
Percent_Disconnected_Youth,Percent_Asian,0.2275280240583373
Percent_Asian,Percent_Hispanic,0.22751681742128957
Percent_Limited_Access,Percent_Uninsured_Adults,0.22710069584275916
Percent_Frequent_Mental_Distress,Percent_Rural,0.22689814362324348
Drug_Overdose_Mortality_Rate,Heath_Care_Costs,0.22666617942785544
Percent_Diabetic,Percent_65_and_over,0.2265825859449271
Percent_Insufficient_ Sleep,Firearm_Fatalities_Rate,0.22552538217420456
Segregation_Index_Nonwhite_White,Percent_Rural,0.22526700698604132
Age_Adjusted_Mortality_White,HIV_Prevalence_Rate,0.22431405868324794
Percent_Under18,Percent_Female,0.2242899018210822
Heath_Care_Costs,Percent_African_American,0.22389352137894558
Percent_Insufficient_ Sleep,Household_ income_Black,0.22367514073267664
Infant_Mortality_Rate_White,Household_Income,0.22313786794430043
Child_Mortality_Rate,Child_Mortality_Rate_White,0.22297225859045092
HIV_Prevalence_Rate,Segregation_Index_Black_White,0.22293808175603907
Infant_Mortality_Rate_White,Percent_Food_Insecure,0.22223106818450983
Percent_65_and_over,Percent_Hispanic,0.22197199704213935
Percent_Free_Reduced_Lunch,Percent_Asian,0.22099902566649324
Percent_Insufficient_ Sleep,Segregation_Index_Black_White,0.22082694684629264
Percent_Frequent_Physical_Distress,Percent_Rural,0.2208008796544869
Percent_Insufficient_ Sleep,Homicide_Rate,0.22052929041071379
Population,Percent_Hispanic,0.22041293914496565
COVID_Confirm,Percent_White,0.21998108772378983
Percent_Limited_Access,Household_Income,0.219411477016755
Percent_Frequent_Physical_Distress,HIV_Prevalence_Rate,0.21927306028197252
Age_Adjusted_Mortality_Hispanic,Percent_Uninsured_Children,0.21900281217944773
COVID_Death,Percent_ Not_Proficient_English,0.21899478245196227
Percent_Insufficient_ Sleep,Percent_65_and_over,0.21894098956731547
COVID_Confirm,HIV_Prevalence_Rate,0.2189235752562614
Percent_Disconnected_Youth,Percent_White,0.21842073702337444
Infant_Mortality_Rate_White,Household_ income_White,0.2182324033490177
Child_Mortality_Rate,Heath_Care_Costs,0.21799763914633144
Age_Adjusted_Mortality_White,Household_ income_Hispanic,0.21797257882464408
Infant Mortality Rate,Segregation_Index_Black_White,0.2177097077658292
Percent_Limited_Access,Percent_Free_Reduced_Lunch,0.21768641979222653
Percent_Uninsured_Adults,Percent_American_Alaskan_Indian,0.21408587896426576
Child_Mortality_Rate_White,Homicide_Rate,0.21369315922116475
Percent_American_Alaskan_Indian,Percent_White,0.21319688318379468
Infant Mortality Rate,Household_ income_Black,0.21270579433479608
Percent_Hawaiian_PacificIslander,Percent_ Not_Proficient_English,0.212344186704525
Age_Adjusted_Mortality_White,Percent_Rural,0.2122598722655922
HIV_Prevalence_Rate,Percent_Female,0.21149693562969163
Motor_Vehicle_Mortality_Rate,Percent_65_and_over,0.21013849813205507
Number_Adult_Deaths,Household_Income,0.21012874276562202
Number_Child_Deaths,Motor_Vehicle_Mortality_Rate,0.20929106085219065
Infant_Mortality_Rate_White,Percent_Free_Reduced_Lunch,0.2088897813559653
PCP_Rate,Percent_Rural,0.2087537068345438
Age_Adjusted_Mortality_Black,Age_Adjusted_Mortality_Hispanic,0.2084755357796922
Household_ income_Black,Percent_African_American,0.20823942757712907
Child_Mortality_Rate_Black,Child_Mortality_Rate_White,0.20796036220029662
COVID_Confirm,DensitySQMile,0.20728996540457784
Infant Mortality Rate,Percent_Asian,0.2061846962327526
Percent_Frequent_Physical_Distress,Segregation_Index_Black_White,0.20601426453440183
Infant_Mortality_Rate_Hispanic,Percent_African_American,0.20496870318684943
Percent_Under18,Percent_Rural,0.2049626197645764
Child_Mortality_Rate_Hispanic,Child_Mortality_Rate_White,0.20467216957233156
Percent_Uninsured_Adults,Household_ income_Hispanic,0.2031227809317513
Percent_Uninsured_Children,Firearm_Fatalities_Rate,0.2025505517482912
Number_Child_Deaths,Percent_Hispanic,0.20215996514501505
Percent_Uninsured_Adults,Percent_Under18,0.20152550902192268
Firearm_Fatalities_Rate,Percent_White,0.20133566914648096
Range Drug Overdose Mortality Rate,Percent_African_American,0.20117049499155257
Age_Adjusted_Mortality_Black,Percent_Insufficient_ Sleep,0.20103103568209763
Household_ income_White,Percent_Hispanic,0.20101671234389518
Percent_Under18,Percent_American_Alaskan_Indian,0.20068707881047607
Age_Adjusted_Mortality,Percent_ Not_Proficient_English,0.2006544533507769
Range Drug Overdose Mortality Rate,Heath_Care_Costs,0.2005953830878678
Heath_Care_Costs,Segregation_Index_Black_White,0.19940667468657192
COVID_Confirm,Motor_Vehicle_Mortality_Rate,0.19829775356536317
Percent_Limited_Access,Percent_American_Alaskan_Indian,0.19798255712605098
COVID_Death,Household_Income,0.19795419528940647
Child_Mortality_Rate,Household_ income_Hispanic,0.19795014947020756
Segregation_Index_Black_White,Homicide_Rate,0.19744890023315276
Percent_Female,Percent_Rural,0.19734007864937095
Range Drug Overdose Mortality Rate,Percent_Free_Reduced_Lunch,0.19654063259333907
Household_Income,Percent_Under18,0.19572098951045516
Infant Mortality Rate,Household_ income_Hispanic,0.1954701127989913
COVID_Death,HIV_Prevalence_Rate,0.195071522236896
Age_Adjusted_Mortality_Black,Percent_Uninsured_Adults,0.1935414261527129
Household_ income_Black,Percent_Asian,0.1926907472615058
Number_Child_Deaths,Percent_65_and_over,0.19212841275577985
Motor_Vehicle_Mortality_Rate,Segregation_Index_Black_White,0.19182411780470465
Age_Adjusted_Mortality_Black,Child_Mortality_Rate_White,0.19080985539558182
Percent_Limited_Access,Percent_Uninsured_Children,0.19058366401071788
Percent_Insufficient_ Sleep,Percent_Uninsured_Adults,0.19046265449104424
Percent_Diabetic,Percent_Female,0.19002026543498893
Drug_Overdose_Mortality_Rate,Household_Income,0.1889701792140969
Percent_Hawaiian_PacificIslander,Percent_Hispanic,0.18852969105768314
Percent_Diabetic,Population,0.18850718141838593
Percent_Asian,DensitySQMile,0.1878910622350502
Child_Mortality_Rate_Black,Infant Mortality Rate,0.1870446131717668
COVID_Death,Percent_White,0.18697535188995418
Infant_Mortality_Rate_White,Percent_Disconnected_Youth,0.18686509670097753
Infant Mortality Rate,Percent_Rural,0.18657820442866366
Number_Child_Deaths,Segregation_Index_Nonwhite_White,0.18562439517300733
Infant_Mortality_Rate_Hispanic,Infant_Mortality_Rate_White,0.18545589459279566
Percent_Diabetic,Percent_White,0.185030086336711
Segregation_Index_Nonwhite_White,Population,0.1849257059419937
Percent_Frequent_Mental_Distress,HIV_Prevalence_Rate,0.184169127128045
Range Drug Overdose Mortality Rate,Percent_White,0.18412539573472872
Child_Mortality_Rate_Hispanic,Infant_Mortality_Rate_Black,0.184009395828035
Infant Mortality Rate,Percent_Hispanic,0.18395430512514888
Range Drug Overdose Mortality Rate,Percent_65_and_over,0.18335399392560375
Household_ income_Hispanic,Firearm_Fatalities_Rate,0.18292200895899602
Percent_Hawaiian_PacificIslander,Percent_Rural,0.18269208548918317
Percent_Food_Insecure,Percent_ Not_Proficient_English,0.18226741071507868
Percent_Diabetic,Household_ income_Hispanic,0.18215200524258798
Child_Mortality_Rate_Black,Percent_Diabetic,0.18207552029847468
Heath_Care_Costs,Homicide_Rate,0.18130417759601036
Infant_Mortality_Rate_Hispanic,Percent_Uninsured_Adults,0.1808282091782149
COVID_Death,Segregation_Index_Nonwhite_White,0.18065290271252804
Number_Adult_Deaths,Percent_Hispanic,0.18044141272699693
Number_Infant_Deaths,Percent_Rural,0.18035402052630173
Heath_Care_Costs,Firearm_Fatalities_Rate,0.1803385172305613
Firearm_Fatalities_Rate,Percent_65_and_over,0.18020954219191276
Infant_Mortality_Rate_White,Range Drug Overdose Mortality Rate,0.18018591392689184
Number_Infant_Deaths,HIV_Prevalence_Rate,0.17975144441882987
Child_Mortality_Rate_Black,Percent_Frequent_Mental_Distress,0.17802058392689935
COVID_Death,Motor_Vehicle_Mortality_Rate,0.17802049536018175
Drug_Overdose_Mortality_Rate,Firearm_Fatalities_Rate,0.17751172751898428
Age_Adjusted_Mortality_Black,Percent_Rural,0.1766752691009182
Range Drug Overdose Mortality Rate,Percent_Under18,0.17666279093341908
Percent_Insufficient_ Sleep,Percent_Uninsured_Children,0.17665202901055194
Child_Mortality_Rate,Household_ income_Black,0.17553445519220037
Percent_Limited_Access,Motor_Vehicle_Mortality_Rate,0.1754105453942559
Percent_Food_Insecure,Percent_Hispanic,0.17470596662405072
Percent_Diabetic,HIV_Prevalence_Rate,0.17456673045203772
Child_Mortality_Rate,Segregation_Index_Black_White,0.17423662494270473
Percent_65_and_over,Percent_African_American,0.17391648481491614
COVID_Confirm,Segregation_Index_Nonwhite_White,0.1734069401611373
Household_ income_White,Homicide_Rate,0.17324564362137218
COVID_Confirm,Percent_65_and_over,0.1732242951248593
Age_Adjusted_Mortality_Hispanic,Percent_African_American,0.17300920936301276
Child_Mortality_Rate,HIV_Prevalence_Rate,0.1727919599586182
Percent_Frequent_Mental_Distress,Segregation_Index_Black_White,0.17212236526488045
Infant_Mortality_Rate_White,Firearm_Fatalities_Rate,0.17161664071260888
Age_Adjusted_Mortality,Population,0.17145273897215596
Infant_Mortality_Rate_Hispanic,Firearm_Fatalities_Rate,0.17104762876374363
Percent_Uninsured_Children,Percent_American_Alaskan_Indian,0.17037902920908948
Infant Mortality Rate,HIV_Prevalence_Rate,0.170375240060399
COVID_Death,DensitySQMile,0.17027089461280803
Percent_Limited_Access,Percent_African_American,0.17003431591577664
Infant Mortality Rate,Percent_White,0.16992645628764813
Child_Mortality_Rate,Percent_White,0.16957752647315172
Household_ income_Black,Homicide_Rate,0.16862363183107618
Child_Mortality_Rate_Black,Household_ income_White,0.16838592456464585
PCP_Rate,Segregation_Index_Nonwhite_White,0.1683755250144016
Motor_Vehicle_Mortality_Rate,Percent_African_American,0.16810289293817207
Age_Adjusted_Mortality_White,Percent_White,0.16808847020298345
Percent_Uninsured_Children,Segregation_Index_Nonwhite_White,0.1676858207520495
Child_Mortality_Rate_Black,Percent_Frequent_Physical_Distress,0.1676010987253136
Child_Mortality_Rate_White,Heath_Care_Costs,0.16720909684024854
Population,DensitySQMile,0.16699689106301227
PCP_Rate,Percent_Disconnected_Youth,0.16697185571136297
COVID_Confirm,Percent_Hispanic,0.16631638302799598
Motor_Vehicle_Mortality_Rate,Percent_American_Alaskan_Indian,0.1660473753920844
Age_Adjusted_Mortality,Percent_Hispanic,0.16547858660681497
Household_Income,Percent_White,0.16491618494569046
Percent_Limited_Access,Firearm_Fatalities_Rate,0.16490899864570213
Infant_Mortality_Rate_White,Motor_Vehicle_Mortality_Rate,0.16485525023937295
Infant_Mortality_Rate_White,Drug_Overdose_Mortality_Rate,0.16429654444675726
Motor_Vehicle_Mortality_Rate,Household_ income_Hispanic,0.16394564893274113
Percent_Frequent_Mental_Distress,Percent_American_Alaskan_Indian,0.1638357328329128
Drug_Overdose_Mortality_Rate,Percent_White,0.16368868338119077
Number_Adult_Deaths,Percent_Female,0.16357783246796326
Child_Mortality_Rate,Child_Mortality_Rate_Black,0.16293390561706692
Percent_Frequent_Physical_Distress,Percent_Limited_Access,0.16292477211767997
Percent_Disconnected_Youth,Household_ income_Black,0.16246096362676044
Number_Infant_Deaths,Household_ income_White,0.16235791795620094
Percent_Disconnected_Youth,Household_ income_Hispanic,0.16182514083932986
Percent_Uninsured_Children,Percent_Female,0.16079138183921032
Age_Adjusted_Mortality_White,Population,0.1603818366276541
HIV_Prevalence_Rate,Percent_65_and_over,0.15964576547574558
Age_Adjusted_Mortality_Black,Percent_African_American,0.15963371446573135
Infant_Mortality_Rate_Hispanic,Percent_Free_Reduced_Lunch,0.15963282942645932
Percent_Uninsured_Adults,Percent_Rural,0.15960661204806767
Infant_Mortality_Rate_White,Heath_Care_Costs,0.15941657571523102
Infant_Mortality_Rate_Hispanic,Percent_Food_Insecure,0.15885913284992614
Percent_Disconnected_Youth,Population,0.1570381853956861
Percent_Uninsured_Adults,Household_ income_Black,0.15664477082015144
Number_Infant_Deaths,Percent_ Not_Proficient_English,0.15661494107747617
Child_Mortality_Rate_White,Percent_Asian,0.15615577382963142
Number_Infant_Deaths,Percent_White,0.1559828882728536
Infant_Mortality_Rate_Hispanic,Segregation_Index_Black_White,0.1558102327904317
HIV_Prevalence_Rate,Heath_Care_Costs,0.15567494006953914
Age_Adjusted_Mortality,Child_Mortality_Rate_Black,0.15524116074275227
Infant_Mortality_Rate_Hispanic,Percent_White,0.15402334044142693
Age_Adjusted_Mortality_Hispanic,Percent_Diabetic,0.15321690846953814
Infant_Mortality_Rate_Black,Percent_Uninsured_Adults,0.1525542608894349
Percent_Limited_Access,Percent_Hispanic,0.15231049237688438
Child_Mortality_Rate,Infant_Mortality_Rate_White,0.1522177477552459
Drug_Overdose_Mortality_Rate,Percent_Uninsured_Children,0.15172185304464497
Infant Mortality Rate,Percent_ Not_Proficient_English,0.15150112258840695
Number_Adult_Deaths,DensitySQMile,0.15104973618955322
Drug_Overdose_Mortality_Rate,Percent_ Not_Proficient_English,0.15082184560485007
Infant_Mortality_Rate_Hispanic,Percent_Frequent_Physical_Distress,0.15075292516097705
Number_Child_Deaths,Household_Income,0.15062456658965118
Infant_Mortality_Rate_Black,Percent_White,0.1498102067955223
Number_Infant_Deaths,Homicide_Rate,0.1497729479787387
Age_Adjusted_Mortality,Percent_American_Alaskan_Indian,0.14939368751129037
Percent_Uninsured_Children,Percent_65_and_over,0.1481388024165248
Percent_Food_Insecure,Percent_Asian,0.14762197304284677
Household_ income_Black,Household_ income_Hispanic,0.14736923665054705
Number_Adult_Deaths,PCP_Rate,0.14701253177677415
Infant_Mortality_Rate_Black,Percent_Hispanic,0.14678744640438265
Infant_Mortality_Rate_White,Percent_Uninsured_Adults,0.14569955850010452
Child_Mortality_Rate,Infant_Mortality_Rate_Hispanic,0.145154752183901
Percent_Frequent_Physical_Distress,Percent_American_Alaskan_Indian,0.14480647305945912
Range Drug Overdose Mortality Rate,Percent_Disconnected_Youth,0.14456526742358036
Infant_Mortality_Rate_Hispanic,Homicide_Rate,0.14426383912229016
Percent_Uninsured_Children,Percent_Under18,0.14388252169243304
Child_Mortality_Rate_Black,Percent_Asian,0.14372567746740164
Drug_Overdose_Mortality_Rate,Percent_Hispanic,0.14359757659084926
Household_ income_White,Percent_White,0.14356428779474967
Heath_Care_Costs,Percent_65_and_over,0.14346175548977314
Percent_Limited_Access,Homicide_Rate,0.14338871053338864
Heath_Care_Costs,Percent_Asian,0.1427556403468532
Household_Income,Percent_ Not_Proficient_English,0.14265065389008563
Age_Adjusted_Mortality_Black,Infant_Mortality_Rate_Black,0.14211157451997986
Percent_Uninsured_Adults,Segregation_Index_Nonwhite_White,0.14207768823669906
Child_Mortality_Rate_Black,Household_Income,0.14201499518877062
Number_Infant_Deaths,Motor_Vehicle_Mortality_Rate,0.14200240102605832
HIV_Prevalence_Rate,Household_Income,0.14120813493995873
Child_Mortality_Rate,Percent_ Not_Proficient_English,0.14105446686729994
Motor_Vehicle_Mortality_Rate,Segregation_Index_Nonwhite_White,0.14094427000800472
Percent_Hawaiian_PacificIslander,Percent_White,0.1409402636732767
Child_Mortality_Rate,Percent_Insufficient_ Sleep,0.14091484397983545
PCP_Rate,Segregation_Index_Black_White,0.14073550724606593
HIV_Prevalence_Rate,Percent_Asian,0.14069236154121711
Number_Adult_Deaths,Percent_African_American,0.14054037848463935
Number_Adult_Deaths,Percent_Uninsured_Children,0.14018677836735646
Percent_Uninsured_Children,Household_Income,0.1399770109187663
Age_Adjusted_Mortality_White,Number_Infant_Deaths,0.1392464332880784
Child_Mortality_Rate_White,Percent_African_American,0.13880399200134375
Population,Percent_Female,0.1385843394279716
Infant_Mortality_Rate_White,Percent_Asian,0.1378195383186762
Percent_Uninsured_Children,Percent_Asian,0.13722814831283778
Percent_Free_Reduced_Lunch,Percent_American_Alaskan_Indian,0.1369481812517693
Percent_Frequent_Mental_Distress,Percent_Hispanic,0.13669974077015618
Household_ income_Hispanic,Homicide_Rate,0.13630991139859713
Motor_Vehicle_Mortality_Rate,PCP_Rate,0.13529516099118716
COVID_Death,Percent_65_and_over,0.13524177126763468
Drug_Overdose_Mortality_Rate,Percent_Under18,0.1351973738757717
Child_Mortality_Rate_Black,Drug_Overdose_Mortality_Rate,0.13508987532608993
Household_ income_Hispanic,Percent_Asian,0.13466078146540697
Child_Mortality_Rate,Population,0.13408524615894377
Percent_Uninsured_Children,Percent_White,0.1336550487357278
Child_Mortality_Rate_White,Percent_Limited_Access,0.13353689016526166
Child_Mortality_Rate,Percent_Hispanic,0.1332631108379496
Number_Child_Deaths,Percent_African_American,0.1329917699346815
Percent_Limited_Access,Household_ income_White,0.13252305174047413
Percent_Uninsured_Children,Percent_Free_Reduced_Lunch,0.13241753495735603
Number_Adult_Deaths,Percent_Insufficient_ Sleep,0.13231016632433337
Percent_Insufficient_ Sleep,Percent_Hispanic,0.13216527288516444
Child_Mortality_Rate,Percent_Limited_Access,0.13208803518504272
Number_Adult_Deaths,Percent_Disconnected_Youth,0.13179066514265586
COVID_Confirm,Percent_Diabetic,0.1315371014210248
Percent_Hispanic,Percent_Female,0.1313454009128419
Child_Mortality_Rate_Black,Infant_Mortality_Rate_White,0.13134236846506459
Household_ income_Black,Segregation_Index_Black_White,0.13128269611142127
Heath_Care_Costs,Percent_White,0.13003916406057936
Heath_Care_Costs,Percent_Hawaiian_PacificIslander,0.1299000637326359
Percent_Uninsured_Children,Population,0.12969894172363164
Age_Adjusted_Mortality,Infant_Mortality_Rate_Hispanic,0.12951151153708765
Age_Adjusted_Mortality_Hispanic,Infant_Mortality_Rate_Hispanic,0.12898445714938425
Age_Adjusted_Mortality_Black,Household_ income_Hispanic,0.12893238673940974
Drug_Overdose_Mortality_Rate,Percent_Disconnected_Youth,0.1287890619480365
HIV_Prevalence_Rate,Percent_ Not_Proficient_English,0.12866781776376
Number_Child_Deaths,PCP_Rate,0.1286103129980718
Motor_Vehicle_Mortality_Rate,Household_ income_Black,0.12831786591832736
HIV_Prevalence_Rate,Percent_Limited_Access,0.12791444704796986
Percent_Diabetic,Percent_Hawaiian_PacificIslander,0.12699442469782177
Percent_Under18,Percent_Hawaiian_PacificIslander,0.12668522543789715
HIV_Prevalence_Rate,Percent_Rural,0.1261728499069265
Child_Mortality_Rate_Black,Heath_Care_Costs,0.12604847472903105
Firearm_Fatalities_Rate,Population,0.12602969823756013
Segregation_Index_Black_White,Firearm_Fatalities_Rate,0.12569459643608907
Age_Adjusted_Mortality_Hispanic,Percent_American_Alaskan_Indian,0.1254644505140535
Percent_Frequent_Mental_Distress,Percent_Female,0.12542198441250424
Heath_Care_Costs,Percent_Under18,0.12512321657564757
Child_Mortality_Rate_Black,Percent_Insufficient_ Sleep,0.12486105270641351
Household_ income_Black,Percent_Rural,0.12478874957486073
Infant Mortality Rate,Drug_Overdose_Mortality_Rate,0.12444865781353527
Infant Mortality Rate,Infant_Mortality_Rate_Black,0.12441737975433681
Child_Mortality_Rate,Percent_American_Alaskan_Indian,0.1241545522047308
Population,Percent_Hawaiian_PacificIslander,0.12394400432600469
Household_ income_White,DensitySQMile,0.1236810104681054
COVID_Confirm,Age_Adjusted_Mortality_White,0.12346838168419068
Child_Mortality_Rate_White,Population,0.12324985163242766
Number_Child_Deaths,Homicide_Rate,0.12293169615885842
Percent_65_and_over,Percent_Hawaiian_PacificIslander,0.12258728491949104
Number_Child_Deaths,DensitySQMile,0.12257650153070528
Age_Adjusted_Mortality,Percent_Limited_Access,0.12236125912664005
Segregation_Index_Black_White,Percent_Rural,0.1221923566473049
Age_Adjusted_Mortality_Black,Percent_Disconnected_Youth,0.12183123655087326
Number_Adult_Deaths,Percent_Diabetic,0.1216744174982732
Percent_Frequent_Mental_Distress,Percent_Limited_Access,0.12165369536486502
PCP_Rate,Population,0.12141066486506912
Percent_Insufficient_ Sleep,Segregation_Index_Nonwhite_White,0.12095307484781982
Percent_Insufficient_ Sleep,Household_ income_Hispanic,0.12066463789372035
Child_Mortality_Rate_Hispanic,Homicide_Rate,0.1203913123806318
Age_Adjusted_Mortality_Black,Drug_Overdose_Mortality_Rate,0.12018692975336838
Percent_Frequent_Physical_Distress,Population,0.12001578851510383
HIV_Prevalence_Rate,Household_ income_Black,0.11989292110480103
Household_ income_Black,Firearm_Fatalities_Rate,0.1196627494341873
Child_Mortality_Rate_White,Percent_Insufficient_ Sleep,0.1196459742959235
Child_Mortality_Rate_White,Number_Infant_Deaths,0.11922359864494558
Percent_Frequent_Mental_Distress,Percent_ Not_Proficient_English,0.118372428600601
Drug_Overdose_Mortality_Rate,Percent_Asian,0.11821973045859337
Child_Mortality_Rate_Hispanic,Infant_Mortality_Rate_White,0.11812969540410045
Percent_Free_Reduced_Lunch,Percent_Hispanic,0.11790193938616905
Drug_Overdose_Mortality_Rate,Percent_Free_Reduced_Lunch,0.11787803994658311
Number_Infant_Deaths,Percent_Hispanic,0.11758704556422661
Number_Child_Deaths,Percent_Diabetic,0.11758581404344917
COVID_Confirm,Age_Adjusted_Mortality,0.11754665274288031
Percent_Food_Insecure,Percent_Rural,0.11745615565011402
Household_Income,Segregation_Index_Black_White,0.11654342140512436
COVID_Death,Percent_Hispanic,0.11653282048950327
Child_Mortality_Rate_White,Percent_Under18,0.11615363537543816
Percent_Uninsured_Children,Percent_Disconnected_Youth,0.1161174917798961
HIV_Prevalence_Rate,DensitySQMile,0.11610650399652317
Percent_Uninsured_Adults,Percent_Asian,0.11569385335143073
Infant_Mortality_Rate_White,Percent_Rural,0.11526003852840747
Percent_Food_Insecure,Range Drug Overdose Mortality Rate,0.11510894460497734
Percent_Uninsured_Children,PCP_Rate,0.11480683372154568
Infant_Mortality_Rate_Hispanic,Motor_Vehicle_Mortality_Rate,0.1143114766638484
HIV_Prevalence_Rate,Firearm_Fatalities_Rate,0.11358902390579334
Segregation_Index_Nonwhite_White,Percent_Hispanic,0.11336437580241808
PCP_Rate,Percent_Asian,0.11282619745477193
Child_Mortality_Rate_White,Percent_Rural,0.11268571441755625
Percent_Uninsured_Children,Segregation_Index_Black_White,0.1121116573262518
Infant_Mortality_Rate_Black,Percent_ Not_Proficient_English,0.11166380995269333
Heath_Care_Costs,Household_ income_Hispanic,0.11067096203472386
Segregation_Index_Nonwhite_White,Firearm_Fatalities_Rate,0.1104366547583582
Infant_Mortality_Rate_Hispanic,Percent_Disconnected_Youth,0.11037278761631965
Motor_Vehicle_Mortality_Rate,Percent_ Not_Proficient_English,0.1100832662237441
Percent_Frequent_Mental_Distress,Population,0.10980800555119931
Percent_Uninsured_Children,Household_ income_White,0.10966984653127919
Percent_Rural,DensitySQMile,0.10947651872903832
Household_ income_Hispanic,Percent_African_American,0.10941626745703914
Percent_Limited_Access,Household_ income_Hispanic,0.10937347620123473
COVID_Death,Age_Adjusted_Mortality_White,0.1091408805569419
Child_Mortality_Rate_White,Percent_Disconnected_Youth,0.10909722244633319
COVID_Confirm,Percent_Uninsured_Children,0.10901593809368063
Percent_African_American,Percent_Female,0.10868113373373631
Age_Adjusted_Mortality_Black,Population,0.1084976217386527
Number_Adult_Deaths,Range Drug Overdose Mortality Rate,0.10833882493771047
COVID_Confirm,Child_Mortality_Rate_White,0.10823138575550349
Percent_Disconnected_Youth,Percent_Under18,0.10797159293262891
COVID_Death,Percent_Uninsured_Children,0.10792235328644456
Number_Adult_Deaths,Percent_Hawaiian_PacificIslander,0.10779434751407808
Child_Mortality_Rate_Hispanic,Percent_Insufficient_ Sleep,0.10759237204021148
Infant_Mortality_Rate_Hispanic,Percent_Frequent_Mental_Distress,0.10744366378947318
COVID_Death,Percent_Diabetic,0.10711388616983195
Range Drug Overdose Mortality Rate,Percent_ Not_Proficient_English,0.10706464395808032
HIV_Prevalence_Rate,Percent_Under18,0.10601975689258224
COVID_Death,Percent_African_American,0.10589757124780234
COVID_Confirm,Percent_African_American,0.10579777572008411
Infant_Mortality_Rate_White,Homicide_Rate,0.10517701133841117
Child_Mortality_Rate_Black,Percent_ Not_Proficient_English,0.1051094097104279
Number_Infant_Deaths,Percent_Diabetic,0.10508692354367881
Child_Mortality_Rate_Black,Percent_Hispanic,0.10478381229693175
Number_Infant_Deaths,Infant_Mortality_Rate_White,0.10471276829524163
Motor_Vehicle_Mortality_Rate,Percent_Insufficient_ Sleep,0.10465127801886008
Percent_Free_Reduced_Lunch,Percent_ Not_Proficient_English,0.104349795437067
Age_Adjusted_Mortality_Black,Percent_ Not_Proficient_English,0.10394803762756635
Age_Adjusted_Mortality_Hispanic,Age_Adjusted_Mortality_White,0.10373609908847219
Household_Income,Percent_Hispanic,0.1028162957333093
Child_Mortality_Rate_White,Percent_White,0.10279621429700737
COVID_Confirm,Firearm_Fatalities_Rate,0.1026803365898757
Infant_Mortality_Rate_Black,Segregation_Index_Nonwhite_White,0.10193350061659957
Infant_Mortality_Rate_Hispanic,Percent_Diabetic,0.10176099150291022
Age_Adjusted_Mortality_White,Infant_Mortality_Rate_Hispanic,0.1011372546743916
Motor_Vehicle_Mortality_Rate,Percent_White,0.10113007101188952
COVID_Death,Child_Mortality_Rate_White,0.10108361284091848
COVID_Death,Percent_Insufficient_ Sleep,0.1008423317036759
Age_Adjusted_Mortality_Black,Percent_Hispanic,0.1004310111439413
Percent_Food_Insecure,Drug_Overdose_Mortality_Rate,0.10007020197237373
Range Drug Overdose Mortality Rate,Segregation_Index_Black_White,0.09983788360860504
Number_Adult_Deaths,Segregation_Index_Black_White,0.09920941955054526
Number_Adult_Deaths,Homicide_Rate,0.09868854631462057
Percent_Uninsured_Adults,PCP_Rate,0.09867460760661302
Infant Mortality Rate,Infant_Mortality_Rate_Hispanic,0.09867219642564519
Age_Adjusted_Mortality_Hispanic,Infant Mortality Rate,0.0984862897544942
Age_Adjusted_Mortality_Black,HIV_Prevalence_Rate,0.0984500259236412
Age_Adjusted_Mortality_White,Percent_ Not_Proficient_English,0.09844538729375689
Household_ income_White,Percent_Female,0.09843940240705454
Child_Mortality_Rate_White,Segregation_Index_Black_White,0.09840021315102032
Motor_Vehicle_Mortality_Rate,Percent_Hawaiian_PacificIslander,0.09835106097296936
Percent_ Not_Proficient_English,DensitySQMile,0.09764461009530159
Infant_Mortality_Rate_Hispanic,Heath_Care_Costs,0.09724184193270284
Child_Mortality_Rate,Percent_Uninsured_Children,0.09708858612701493
Number_Adult_Deaths,Child_Mortality_Rate_White,0.09674547143065816
Infant_Mortality_Rate_White,Percent_ Not_Proficient_English,0.09636827991780482
Percent_Food_Insecure,Percent_Under18,0.09633813500263666
Age_Adjusted_Mortality_Black,Percent_Uninsured_Children,0.0962181037326008
Household_ income_Black,Percent_Hispanic,0.09584384445315766
Number_Infant_Deaths,Segregation_Index_Nonwhite_White,0.09580620037269277
Age_Adjusted_Mortality_White,Number_Child_Deaths,0.09576782832412604
Segregation_Index_Black_White,Percent_65_and_over,0.09568896321268759
PCP_Rate,Percent_Female,0.09568838863983015
Population,Percent_African_American,0.09567233244413947
Age_Adjusted_Mortality_Hispanic,Segregation_Index_Nonwhite_White,0.09554271051302721
Child_Mortality_Rate_White,Percent_Uninsured_Children,0.09526552033208818
COVID_Death,Percent_Female,0.09490691424259179
Child_Mortality_Rate_Black,Percent_White,0.09476741889257702
Infant_Mortality_Rate_Hispanic,Percent_American_Alaskan_Indian,0.09411197274081827
Household_Income,DensitySQMile,0.0939296871275965
COVID_Death,Segregation_Index_Black_White,0.09392218593694113
Age_Adjusted_Mortality_Hispanic,Homicide_Rate,0.09389511366045922
Number_Adult_Deaths,Child_Mortality_Rate,0.09378968002266548
Infant_Mortality_Rate_Black,Household_ income_Black,0.09370518885892468
Infant_Mortality_Rate_Hispanic,HIV_Prevalence_Rate,0.09340279648937683
Range Drug Overdose Mortality Rate,PCP_Rate,0.09337745603357224
Infant_Mortality_Rate_White,Percent_Hispanic,0.09335663175134871
Infant Mortality Rate,Population,0.0926463351673565
Homicide_Rate,Percent_Asian,0.09250421911519716
Age_Adjusted_Mortality,Percent_Hawaiian_PacificIslander,0.09246897701920564
COVID_Death,Age_Adjusted_Mortality,0.09239449461342572
Infant_Mortality_Rate_Black,Percent_Asian,0.09178006754263833
Infant_Mortality_Rate_White,Percent_African_American,0.09175717836522314
Range Drug Overdose Mortality Rate,Motor_Vehicle_Mortality_Rate,0.09169745645676271
Child_Mortality_Rate_Black,Percent_Food_Insecure,0.09156670234619295
COVID_Confirm,Percent_Disconnected_Youth,0.09145918027764509
Firearm_Fatalities_Rate,Percent_ Not_Proficient_English,0.091320104020498
Percent_Free_Reduced_Lunch,Percent_65_and_over,0.09120692091585855
Age_Adjusted_Mortality,Number_Infant_Deaths,0.09119510715478621
Segregation_Index_Nonwhite_White,Percent_Female,0.09113394743808462
Number_Infant_Deaths,Household_Income,0.09108597969898966
Age_Adjusted_Mortality_White,Percent_Uninsured_Children,0.0910852742119464
Number_Adult_Deaths,Age_Adjusted_Mortality,0.09070283803656452
Household_ income_Hispanic,Percent_Rural,0.09043828295308212
Heath_Care_Costs,Percent_Rural,0.09030781422744645
Number_Adult_Deaths,Age_Adjusted_Mortality_White,0.09023603767617876
Percent_Free_Reduced_Lunch,Population,0.09009580642372353
Number_Child_Deaths,Percent_Disconnected_Youth,0.0900664167633159
Number_Child_Deaths,Percent_Female,0.09004138916761853
Infant Mortality Rate,Range Drug Overdose Mortality Rate,0.08994073350705031
Percent_Limited_Access,Percent_ Not_Proficient_English,0.08987906252033415
Range Drug Overdose Mortality Rate,Percent_Asian,0.08975656544517377
Infant_Mortality_Rate_Black,Homicide_Rate,0.0897141510608404
Percent_Diabetic,Percent_Under18,0.08952890029250994
Child_Mortality_Rate_Black,Motor_Vehicle_Mortality_Rate,0.08938437685602815
Age_Adjusted_Mortality_Hispanic,Percent_ Not_Proficient_English,0.08927343972540723
Drug_Overdose_Mortality_Rate,Percent_Uninsured_Adults,0.08915522959859426
Child_Mortality_Rate_Black,Household_ income_Black,0.088419156970629
Segregation_Index_Nonwhite_White,Percent_65_and_over,0.08829811458425385
Number_Child_Deaths,Child_Mortality_Rate_White,0.08825297826981848
Child_Mortality_Rate_Black,Population,0.0880895460545068
Household_ income_Black,Population,0.08787512325201759
Percent_Limited_Access,Drug_Overdose_Mortality_Rate,0.08761826085145032
COVID_Confirm,Percent_Female,0.08756002346385805
Percent_Uninsured_Children,Percent_African_American,0.08742219741809386
Age_Adjusted_Mortality_Hispanic,Percent_Free_Reduced_Lunch,0.08720959185339328
Age_Adjusted_Mortality_Hispanic,Percent_Frequent_Mental_Distress,0.08718135994282453
Child_Mortality_Rate_Black,Range Drug Overdose Mortality Rate,0.08716897103798922
Percent_Limited_Access,PCP_Rate,0.08686825095541381
Percent_African_American,Percent_American_Alaskan_Indian,0.08682275162068157
COVID_Confirm,Percent_Insufficient_ Sleep,0.08678719710720134
COVID_Confirm,Percent_Frequent_Physical_Distress,0.08642263617683896
COVID_Confirm,Percent_Frequent_Mental_Distress,0.08622771081021534
Range Drug Overdose Mortality Rate,Percent_Uninsured_Adults,0.08621816650468761
Number_Child_Deaths,Percent_Hawaiian_PacificIslander,0.08598840531789896
Percent_Disconnected_Youth,Percent_65_and_over,0.08596212497325122
COVID_Confirm,Child_Mortality_Rate_Black,0.08585922535649339
Infant_Mortality_Rate_White,Population,0.08580271952238057
Age_Adjusted_Mortality_Hispanic,Segregation_Index_Black_White,0.0855510840431187
COVID_Confirm,Child_Mortality_Rate,0.08538462924604226
Household_Income,Percent_American_Alaskan_Indian,0.08522213512925528
Child_Mortality_Rate_Black,Firearm_Fatalities_Rate,0.08503823491589212
COVID_Death,Homicide_Rate,0.08492018368122684
Percent_Limited_Access,Percent_Female,0.08453520037247435
COVID_Confirm,Segregation_Index_Black_White,0.08442386569793063
Age_Adjusted_Mortality_Hispanic,Percent_Insufficient_ Sleep,0.08412959148874545
Child_Mortality_Rate,Percent_65_and_over,0.0840480671564149
Infant Mortality Rate,Percent_Female,0.08371317596115464
Infant Mortality Rate,Percent_Hawaiian_PacificIslander,0.08323343573272617
Age_Adjusted_Mortality_White,Percent_Limited_Access,0.08317941725566651
Motor_Vehicle_Mortality_Rate,DensitySQMile,0.0829159792161201
Household_ income_Black,Percent_65_and_over,0.08259316069711671
Child_Mortality_Rate_White,Household_ income_Hispanic,0.08257823100956868
Percent_ Not_Proficient_English,Percent_Female,0.08236090259436014
Segregation_Index_Nonwhite_White,Percent_Asian,0.08230757607369217
Percent_65_and_over,Percent_Female,0.08226809387381323
Number_Infant_Deaths,Percent_African_American,0.08205107328822982
Age_Adjusted_Mortality,Number_Child_Deaths,0.08176459300138454
Household_ income_Black,Percent_ Not_Proficient_English,0.08124800835505398
Household_ income_Hispanic,Percent_White,0.08093190727697809
Infant_Mortality_Rate_Black,Segregation_Index_Black_White,0.0808139873721668
Age_Adjusted_Mortality_Black,Percent_Hawaiian_PacificIslander,0.08074827977908332
Percent_American_Alaskan_Indian,Percent_Hispanic,0.08071478532806321
Segregation_Index_Nonwhite_White,Homicide_Rate,0.08058211052064185
COVID_Confirm,Infant_Mortality_Rate_White,0.08055150715782264
Household_ income_Black,Percent_White,0.080349004826017
Population,Percent_Under18,0.0802281911557234
Infant_Mortality_Rate_White,Household_ income_Black,0.08017810668873791
Number_Infant_Deaths,Percent_Frequent_Mental_Distress,0.07993436975515468
Number_Infant_Deaths,Percent_65_and_over,0.07935341660570425
Number_Infant_Deaths,DensitySQMile,0.07935272636229194
Household_ income_Hispanic,Percent_65_and_over,0.07930298333695923
Number_Child_Deaths,Percent_Insufficient_ Sleep,0.07911244835495036
Number_Child_Deaths,Percent_Under18,0.07898831058588347
Age_Adjusted_Mortality_Hispanic,Percent_Asian,0.07884973994371665
Percent_White,DensitySQMile,0.07877639171107592
Percent_Diabetic,PCP_Rate,0.07854827389435431
Percent_Limited_Access,Percent_Asian,0.07853414207541136
Age_Adjusted_Mortality_Hispanic,Drug_Overdose_Mortality_Rate,0.07848610427500277
Drug_Overdose_Mortality_Rate,Percent_African_American,0.0783876146352975
COVID_Death,Percent_Disconnected_Youth,0.0783241515954734
Infant_Mortality_Rate_White,Household_ income_Hispanic,0.07817779177794376
Segregation_Index_Black_White,Population,0.07815929162666115
Age_Adjusted_Mortality_Hispanic,Percent_Limited_Access,0.07811733178108
Percent_African_American,Percent_Hispanic,0.07774445418852965
COVID_Death,Child_Mortality_Rate_Black,0.07767926032646978
Percent_Disconnected_Youth,Percent_ Not_Proficient_English,0.0774587343834635
COVID_Death,Firearm_Fatalities_Rate,0.07710565637639119
Age_Adjusted_Mortality_Hispanic,Child_Mortality_Rate_Hispanic,0.07693580982996409
Household_ income_White,Segregation_Index_Nonwhite_White,0.07683402648576466
Homicide_Rate,Percent_Female,0.07669548769019957
Child_Mortality_Rate_Black,Segregation_Index_Nonwhite_White,0.07666274019392563
Percent_Limited_Access,Percent_Under18,0.07601167109798374
Infant_Mortality_Rate_Black,Percent_Insufficient_ Sleep,0.07570605140841886
Age_Adjusted_Mortality_Black,Segregation_Index_Black_White,0.07564513536663484
Age_Adjusted_Mortality_Black,Range Drug Overdose Mortality Rate,0.07504769003157154
Motor_Vehicle_Mortality_Rate,Percent_Female,0.07498577470117412
Drug_Overdose_Mortality_Rate,Percent_Hawaiian_PacificIslander,0.07486849925015816
Heath_Care_Costs,Segregation_Index_Nonwhite_White,0.07477104028300828
Household_ income_Hispanic,Population,0.07473802101524
Infant_Mortality_Rate_Black,Firearm_Fatalities_Rate,0.07415259230785969
COVID_Death,Percent_Frequent_Physical_Distress,0.07390004979968523
Drug_Overdose_Mortality_Rate,PCP_Rate,0.0738572096867049
Percent_Disconnected_Youth,Percent_American_Alaskan_Indian,0.07371882501021983
Percent_Asian,Percent_Female,0.07350515648040101
Range Drug Overdose Mortality Rate,Percent_American_Alaskan_Indian,0.07330652382719298
COVID_Death,Child_Mortality_Rate,0.07292786423229072
Infant_Mortality_Rate_Black,Household_ income_White,0.07264346148109638
Household_ income_Black,Percent_Under18,0.07259122651726066
HIV_Prevalence_Rate,Range Drug Overdose Mortality Rate,0.07229276344286602
COVID_Confirm,Age_Adjusted_Mortality_Black,0.07224096223923179
Number_Child_Deaths,Segregation_Index_Black_White,0.07205568330559732
Percent_Insufficient_ Sleep,Percent_ Not_Proficient_English,0.07185749765483673
Number_Infant_Deaths,Percent_Frequent_Physical_Distress,0.07142919896764968
COVID_Confirm,Household_ income_Black,0.0714185052063367
Number_Infant_Deaths,Segregation_Index_Black_White,0.0712935818933614
Number_Infant_Deaths,Household_ income_Black,0.07113541935375964
Age_Adjusted_Mortality_Hispanic,Percent_Food_Insecure,0.07082935915137795
HIV_Prevalence_Rate,Segregation_Index_Nonwhite_White,0.0708007856018309
Age_Adjusted_Mortality_Hispanic,Child_Mortality_Rate_Black,0.07069078885920203
HIV_Prevalence_Rate,Percent_Hispanic,0.07061760649901165
Child_Mortality_Rate_Hispanic,Percent_Free_Reduced_Lunch,0.07028156766060334
Motor_Vehicle_Mortality_Rate,Percent_Under18,0.07024902888944844
Infant_Mortality_Rate_White,Segregation_Index_Black_White,0.07018717803874296
Percent_Food_Insecure,Percent_Female,0.07017081300852286
Household_ income_Black,Percent_American_Alaskan_Indian,0.07005947952874376
Drug_Overdose_Mortality_Rate,Segregation_Index_Black_White,0.0700093959681914
Infant_Mortality_Rate_Black,Percent_Diabetic,0.06961787746255947
Household_Income,Percent_Hawaiian_PacificIslander,0.06908970905688919
Infant_Mortality_Rate_Black,Percent_African_American,0.0689849909982164
Child_Mortality_Rate_Black,Homicide_Rate,0.06886525838553406
Child_Mortality_Rate_Black,Percent_Rural,0.06808811907910728
COVID_Confirm,Homicide_Rate,0.06805295831621151
COVID_Death,Infant_Mortality_Rate_White,0.06803213942332449
Number_Child_Deaths,Child_Mortality_Rate,0.0678677664626704
Percent_Insufficient_ Sleep,Population,0.06784214230592124
Percent_Free_Reduced_Lunch,Segregation_Index_Nonwhite_White,0.06683928127331247
Child_Mortality_Rate_Hispanic,Drug_Overdose_Mortality_Rate,0.06669573981359937
Range Drug Overdose Mortality Rate,Percent_Female,0.06650537754032441
Firearm_Fatalities_Rate,Percent_Under18,0.06649490389615764
PCP_Rate,Percent_Under18,0.06619133844215737
COVID_Death,Percent_Limited_Access,0.06602127472023064
Percent_Frequent_Mental_Distress,Percent_Under18,0.0657277900197138
Number_Adult_Deaths,Percent_Under18,0.06527962747171588
COVID_Confirm,Percent_Limited_Access,0.06526000207392135
Infant_Mortality_Rate_Black,Percent_Limited_Access,0.06514728610654656
Child_Mortality_Rate_Hispanic,Percent_Asian,0.06485231796352944
Infant_Mortality_Rate_Black,Percent_Hawaiian_PacificIslander,0.06461283585895292
Household_ income_White,Percent_Hawaiian_PacificIslander,0.06444651524029776
COVID_Confirm,Household_ income_Hispanic,0.06432257894082347
Percent_Insufficient_ Sleep,Percent_Female,0.0642844474979802
HIV_Prevalence_Rate,Drug_Overdose_Mortality_Rate,0.06422690080221204
Child_Mortality_Rate_White,Range Drug Overdose Mortality Rate,0.06416021653552871
COVID_Death,Percent_Frequent_Mental_Distress,0.0641573640696552
Number_Child_Deaths,Infant_Mortality_Rate_White,0.0640852179742934
Child_Mortality_Rate_Hispanic,Percent_White,0.06381643560006828
Infant_Mortality_Rate_Hispanic,Household_Income,0.0634497288888753
Infant_Mortality_Rate_White,Percent_Female,0.06327363098504817
Firearm_Fatalities_Rate,Percent_American_Alaskan_Indian,0.06306610095518027
Number_Adult_Deaths,Firearm_Fatalities_Rate,0.06259403635876891
Number_Adult_Deaths,Drug_Overdose_Mortality_Rate,0.062463220523063995
Percent_Limited_Access,Population,0.062285820748370316
Percent_Uninsured_Adults,Percent_Hawaiian_PacificIslander,0.061231687251344875
COVID_Death,Household_ income_Black,0.06120126320820591
Child_Mortality_Rate_Black,HIV_Prevalence_Rate,0.06117141169244173
Infant_Mortality_Rate_Hispanic,Percent_Female,0.061079407376168855
Percent_Free_Reduced_Lunch,Percent_Female,0.06100004392985132
Number_Child_Deaths,Child_Mortality_Rate_Black,0.060939103752066404
Percent_65_and_over,DensitySQMile,0.06088832727123785
Number_Adult_Deaths,Percent_Frequent_Physical_Distress,0.060803449677095944
Age_Adjusted_Mortality_White,Percent_Hispanic,0.06072536989962251
Household_Income,Percent_Female,0.06047466729053006
Number_Adult_Deaths,Age_Adjusted_Mortality_Black,0.06042490840125174
Child_Mortality_Rate_Hispanic,Household_ income_White,0.06035381017443612
Child_Mortality_Rate_Hispanic,Motor_Vehicle_Mortality_Rate,0.06014267471458943
Age_Adjusted_Mortality_Hispanic,Percent_Uninsured_Adults,0.059785726226741685
COVID_Confirm,Percent_Food_Insecure,0.059538369273196945
Number_Infant_Deaths,Percent_Uninsured_Children,0.059469071616701515
Number_Child_Deaths,Percent_Frequent_Physical_Distress,0.05945929789427911
Number_Adult_Deaths,Child_Mortality_Rate_Black,0.05926571145494448
Range Drug Overdose Mortality Rate,Percent_Hispanic,0.05902414051028448
COVID_Confirm,PCP_Rate,0.05899822786222159
Firearm_Fatalities_Rate,DensitySQMile,0.058933063356566534
Percent_American_Alaskan_Indian,Percent_Rural,0.05868466890018931
Number_Child_Deaths,Percent_Frequent_Mental_Distress,0.058410388774192766
Range Drug Overdose Mortality Rate,Household_ income_Hispanic,0.05823900663138109
Drug_Overdose_Mortality_Rate,Segregation_Index_Nonwhite_White,0.05821175170427259
COVID_Death,Household_ income_Hispanic,0.05816585250047776
Percent_Disconnected_Youth,Segregation_Index_Nonwhite_White,0.058148709828504536
Percent_Food_Insecure,Percent_American_Alaskan_Indian,0.05776184663236022
Child_Mortality_Rate_Black,Number_Infant_Deaths,0.05710492037856275
Percent_Hispanic,DensitySQMile,0.057102446848975884
Infant_Mortality_Rate_Black,Heath_Care_Costs,0.057019782175440986
Number_Child_Deaths,Household_ income_Hispanic,0.056746653695823684
Heath_Care_Costs,Percent_American_Alaskan_Indian,0.05673469866467971
Percent_Limited_Access,Household_ income_Black,0.05654064105040706
Infant_Mortality_Rate_Hispanic,Household_ income_Hispanic,0.056467112839226515
Age_Adjusted_Mortality_Black,Percent_65_and_over,0.05611494905129711
Homicide_Rate,Percent_Rural,0.056043131036952944
COVID_Confirm,Infant Mortality Rate,0.05582514100940522
Percent_Disconnected_Youth,Percent_Hawaiian_PacificIslander,0.055773268214333024
Age_Adjusted_Mortality_Hispanic,HIV_Prevalence_Rate,0.05572837899599644
HIV_Prevalence_Rate,Household_ income_Hispanic,0.05566740751836932
Drug_Overdose_Mortality_Rate,Motor_Vehicle_Mortality_Rate,0.05555130828435875
Percent_Uninsured_Children,DensitySQMile,0.055101658615793636
Age_Adjusted_Mortality_Hispanic,Percent_Frequent_Physical_Distress,0.05510093057043919
Drug_Overdose_Mortality_Rate,Household_ income_Black,0.055076688015214294
COVID_Death,Age_Adjusted_Mortality_Black,0.055046197387388106
Child_Mortality_Rate_White,Drug_Overdose_Mortality_Rate,0.05491686964468415
Household_ income_Black,Percent_Hawaiian_PacificIslander,0.05489735402533563
Infant_Mortality_Rate_Hispanic,Percent_Insufficient_ Sleep,0.05478955235913795
Age_Adjusted_Mortality_Black,Percent_Limited_Access,0.05434904384635559
Number_Child_Deaths,Range Drug Overdose Mortality Rate,0.05429891901666475
Child_Mortality_Rate_White,Segregation_Index_Nonwhite_White,0.05423065055215658
Range Drug Overdose Mortality Rate,Percent_Rural,0.05386543696930594
Infant_Mortality_Rate_Black,Percent_Female,0.05365274224751172
Household_ income_Hispanic,Percent_Under18,0.05362971902002817
Heath_Care_Costs,Percent_ Not_Proficient_English,0.05355021637909343
Number_Infant_Deaths,PCP_Rate,0.05346304049545394
HIV_Prevalence_Rate,Household_ income_White,0.05344801913877101
COVID_Confirm,Infant_Mortality_Rate_Black,0.05336386773930279
Child_Mortality_Rate_Black,Percent_Female,0.05273811506248939
Age_Adjusted_Mortality,Percent_Female,0.052585337631796306
Firearm_Fatalities_Rate,Percent_Hawaiian_PacificIslander,0.05243379750998827
Age_Adjusted_Mortality_Black,Number_Infant_Deaths,0.05235733358929636
Motor_Vehicle_Mortality_Rate,Percent_Hispanic,0.052277134688861956
Infant_Mortality_Rate_Black,Percent_Rural,0.05224274351131735
Drug_Overdose_Mortality_Rate,Percent_65_and_over,0.05194233923691316
Infant_Mortality_Rate_Black,Population,0.051678262243165726
Percent_Diabetic,DensitySQMile,0.051619772930974854
Percent_African_American,Percent_Rural,0.05154883228047231
PCP_Rate,Household_Income,0.05144295979165156
Age_Adjusted_Mortality_Black,Percent_White,0.05141583083367023
COVID_Confirm,Percent_Under18,0.05120008361528822
Child_Mortality_Rate_Hispanic,HIV_Prevalence_Rate,0.05104684835435201
COVID_Confirm,Percent_Free_Reduced_Lunch,0.05099140244213192
Child_Mortality_Rate_Hispanic,Segregation_Index_Nonwhite_White,0.05054778146292134
Range Drug Overdose Mortality Rate,Household_ income_Black,0.050298497626120486
Infant_Mortality_Rate_White,Percent_Uninsured_Children,0.05026100022114426
COVID_Death,Percent_Free_Reduced_Lunch,0.050166727890106406
Age_Adjusted_Mortality_Black,Number_Child_Deaths,0.05003195530866334
Age_Adjusted_Mortality_White,PCP_Rate,0.04961954060994348
Child_Mortality_Rate_Hispanic,Segregation_Index_Black_White,0.049552853023153515
Household_ income_Black,Segregation_Index_Nonwhite_White,0.049339960069981065
Percent_Frequent_Mental_Distress,Percent_Uninsured_Children,0.04931914271974905
Age_Adjusted_Mortality,DensitySQMile,0.04919871687582171
COVID_Death,Infant_Mortality_Rate_Black,0.049187039381816115
Range Drug Overdose Mortality Rate,Population,0.048676187884267336
Child_Mortality_Rate_Black,Percent_Free_Reduced_Lunch,0.048292439430456253
Percent_Insufficient_ Sleep,Percent_American_Alaskan_Indian,0.048133469588476974
PCP_Rate,Percent_African_American,0.048106264771188345
Number_Adult_Deaths,Heath_Care_Costs,0.047677912380257564
Percent_Under18,Percent_Asian,0.04750394087250791
Percent_65_and_over,Percent_American_Alaskan_Indian,0.04722316318409504
Percent_Insufficient_ Sleep,Percent_Asian,0.04718668162550534
COVID_Death,Percent_Uninsured_Adults,0.047155926267237636
Child_Mortality_Rate_Hispanic,Percent_Food_Insecure,0.04690430016910431
Child_Mortality_Rate_Hispanic,Number_Infant_Deaths,0.046880607765290815
Drug_Overdose_Mortality_Rate,Percent_Rural,0.0468469333997822
Child_Mortality_Rate,Percent_Hawaiian_PacificIslander,0.046683315373076184
Percent_Food_Insecure,Population,0.04665271614558984
Child_Mortality_Rate_White,Percent_65_and_over,0.046594669455885515
Number_Adult_Deaths,Infant_Mortality_Rate_White,0.04658805613959907
Infant Mortality Rate,Percent_American_Alaskan_Indian,0.04655289613442625
Age_Adjusted_Mortality_White,DensitySQMile,0.046527883919195386
Homicide_Rate,Percent_Hawaiian_PacificIslander,0.04621928562485009
Heath_Care_Costs,Percent_Hispanic,0.04596226223431001
Number_Infant_Deaths,Household_ income_Hispanic,0.04523211125030636
Segregation_Index_Nonwhite_White,Percent_African_American,0.04505676233901883
Child_Mortality_Rate_Hispanic,Percent_Hawaiian_PacificIslander,0.04490715433508517
Age_Adjusted_Mortality_Hispanic,Household_ income_White,0.0448356250658789
Infant_Mortality_Rate_Hispanic,Segregation_Index_Nonwhite_White,0.04449847539191975
Infant_Mortality_Rate_Black,Percent_Free_Reduced_Lunch,0.044362489392888456
Number_Adult_Deaths,Household_ income_Black,0.04426024597090853
Age_Adjusted_Mortality_Hispanic,Range Drug Overdose Mortality Rate,0.044216120207223555
Child_Mortality_Rate_Hispanic,Percent_Hispanic,0.04418431494269649
Number_Infant_Deaths,Percent_Disconnected_Youth,0.04408427611772781
Segregation_Index_Nonwhite_White,DensitySQMile,0.04398559923362637
Number_Adult_Deaths,Percent_Limited_Access,0.04396225805685979
Child_Mortality_Rate_Hispanic,Percent_African_American,0.04390922219345689
Homicide_Rate,Percent_Under18,0.04378290950292096
Percent_Food_Insecure,Percent_Uninsured_Children,0.04326184508249937
Age_Adjusted_Mortality_White,Segregation_Index_Nonwhite_White,0.042854329721598444
Child_Mortality_Rate_Hispanic,Range Drug Overdose Mortality Rate,0.04252250844555171
Homicide_Rate,Percent_Hispanic,0.042493705724317675
Number_Adult_Deaths,Percent_Free_Reduced_Lunch,0.0424515288408676
Child_Mortality_Rate_Hispanic,Percent_ Not_Proficient_English,0.042249053093183796
Percent_American_Alaskan_Indian,Percent_ Not_Proficient_English,0.042060738369298724
Infant_Mortality_Rate_White,Percent_American_Alaskan_Indian,0.04196449567834675
Child_Mortality_Rate_White,DensitySQMile,0.04189926683461386
Age_Adjusted_Mortality_Hispanic,Firearm_Fatalities_Rate,0.04168894104922078
COVID_Death,Infant Mortality Rate,0.0415413106536773
Number_Adult_Deaths,Percent_Frequent_Mental_Distress,0.04141273476253965
Percent_Uninsured_Adults,Population,0.04122660567782056
COVID_Death,PCP_Rate,0.04101816003441446
Drug_Overdose_Mortality_Rate,Percent_American_Alaskan_Indian,0.040927948078214454
Number_Child_Deaths,Heath_Care_Costs,0.04072044470664282
HIV_Prevalence_Rate,PCP_Rate,0.04068644011887498
Child_Mortality_Rate_Black,DensitySQMile,0.04035660881267224
PCP_Rate,Household_ income_Black,0.04028845064928601
Segregation_Index_Black_White,Percent_American_Alaskan_Indian,0.04020446807381071
Number_Adult_Deaths,Household_ income_Hispanic,0.0401340201863183
Infant Mortality Rate,Percent_Under18,0.03999246580498207
Number_Adult_Deaths,Percent_American_Alaskan_Indian,0.039928522209934564
Percent_Frequent_Physical_Distress,Percent_Female,0.03984829765029751
Age_Adjusted_Mortality_Black,Infant_Mortality_Rate_Hispanic,0.03984452781546064
Infant Mortality Rate,Percent_Limited_Access,0.03981266811619843
Child_Mortality_Rate_Black,Percent_65_and_over,0.03966142284868294
Child_Mortality_Rate_Hispanic,Population,0.03954931501823194
Percent_Limited_Access,DensitySQMile,0.039528378302698404
Percent_African_American,Percent_Hawaiian_PacificIslander,0.03921114469694711
Child_Mortality_Rate,Child_Mortality_Rate_Hispanic,0.03858455890644053
Child_Mortality_Rate_Black,Household_ income_Hispanic,0.03818976300071437
Segregation_Index_Black_White,Percent_Hispanic,0.03807134374234752
COVID_Death,Percent_Food_Insecure,0.03803140791528437
Age_Adjusted_Mortality_Hispanic,PCP_Rate,0.037997234944528196
Percent_Insufficient_ Sleep,Percent_Under18,0.03788430440691823
Age_Adjusted_Mortality_White,Percent_Hawaiian_PacificIslander,0.03781461360277037
Range Drug Overdose Mortality Rate,Homicide_Rate,0.03765133672665297
Number_Child_Deaths,Percent_Uninsured_Children,0.037441985786842234
Infant_Mortality_Rate_White,Percent_65_and_over,0.03737919918798418
Percent_Limited_Access,Percent_65_and_over,0.03732121544885757
Segregation_Index_Black_White,Percent_ Not_Proficient_English,0.036950587516475425
Number_Infant_Deaths,Percent_Hawaiian_PacificIslander,0.03688260487464678
Child_Mortality_Rate_Hispanic,Percent_Uninsured_Children,0.03665387854732821
Infant_Mortality_Rate_Hispanic,Percent_Asian,0.03658006034299957
Population,Percent_American_Alaskan_Indian,0.03656440785496337
Household_ income_Hispanic,Segregation_Index_Black_White,0.0364375202909102
Number_Child_Deaths,Percent_Uninsured_Adults,0.0363619878055624
Percent_Frequent_Physical_Distress,DensitySQMile,0.03587352252097646
Child_Mortality_Rate_Hispanic,Household_Income,0.03583207619802574
COVID_Confirm,Percent_Uninsured_Adults,0.03561662326747882
Drug_Overdose_Mortality_Rate,Household_ income_Hispanic,0.03556253873215755
Percent_African_American,DensitySQMile,0.03552810527249321
Drug_Overdose_Mortality_Rate,Percent_Female,0.03547687275273779
Age_Adjusted_Mortality_Hispanic,Household_ income_Black,0.03534336540973588
PCP_Rate,Household_ income_Hispanic,0.03507512916874062
Child_Mortality_Rate_White,Percent_Female,0.03501468559991767
Number_Infant_Deaths,Percent_Uninsured_Adults,0.035003192879532775
HIV_Prevalence_Rate,Percent_American_Alaskan_Indian,0.03493207371183259
Number_Adult_Deaths,Infant Mortality Rate,0.03481558763370695
Age_Adjusted_Mortality_Black,DensitySQMile,0.0347695536640092
Age_Adjusted_Mortality_Hispanic,Motor_Vehicle_Mortality_Rate,0.034704996007041085
Percent_Frequent_Mental_Distress,DensitySQMile,0.03452975910658059
Age_Adjusted_Mortality_Hispanic,Infant_Mortality_Rate_White,0.0343628702929874
Household_ income_Black,Percent_Female,0.03399915612892361
Homicide_Rate,Population,0.03369488447930394
PCP_Rate,Percent_American_Alaskan_Indian,0.033527438612595994
Infant_Mortality_Rate_White,DensitySQMile,0.03347558813727266
Child_Mortality_Rate_Hispanic,Percent_Diabetic,0.03344931955649685
Percent_Frequent_Physical_Distress,Percent_ Not_Proficient_English,0.03330804073257543
Infant_Mortality_Rate_Hispanic,Percent_ Not_Proficient_English,0.03314078429471675
Age_Adjusted_Mortality,Infant_Mortality_Rate_Black,0.03301004991084051
Percent_Food_Insecure,Segregation_Index_Nonwhite_White,0.03299192876397537
Percent_Uninsured_Children,Household_ income_Hispanic,0.03298666325891164
COVID_Death,Heath_Care_Costs,0.0329396547652704
Infant_Mortality_Rate_Black,Percent_Uninsured_Children,0.03290116056341575
Child_Mortality_Rate_Hispanic,Firearm_Fatalities_Rate,0.03278264474873578
Number_Child_Deaths,Percent_Food_Insecure,0.032553024615853465
Infant Mortality Rate,Segregation_Index_Nonwhite_White,0.032443478874576895
Number_Infant_Deaths,Firearm_Fatalities_Rate,0.032350441286376624
Infant_Mortality_Rate_White,Segregation_Index_Nonwhite_White,0.03217592211260804
Homicide_Rate,Percent_American_Alaskan_Indian,0.03201126270413161
Homicide_Rate,Percent_ Not_Proficient_English,0.03197575537986088
Child_Mortality_Rate,DensitySQMile,0.031910507160164844
Number_Child_Deaths,Firearm_Fatalities_Rate,0.03185848269283282
COVID_Death,Percent_Under18,0.03182075852953508
Child_Mortality_Rate_Black,Percent_Hawaiian_PacificIslander,0.031800609004037056
PCP_Rate,Percent_Free_Reduced_Lunch,0.03173088456272546
Age_Adjusted_Mortality_Hispanic,Population,0.031717798874786284
PCP_Rate,Household_ income_White,0.031562439715601916
COVID_Death,Drug_Overdose_Mortality_Rate,0.031331044379860305
Number_Infant_Deaths,Percent_Limited_Access,0.03117381170947815
Percent_American_Alaskan_Indian,Percent_Asian,0.03105375327146991
Percent_Disconnected_Youth,Percent_Hispanic,0.030910341226095532
Child_Mortality_Rate_White,PCP_Rate,0.030806035583173227
PCP_Rate,Percent_Hispanic,0.03075742006114148
PCP_Rate,Percent_White,0.030705958932482416
COVID_Death,Range Drug Overdose Mortality Rate,0.03069358126112694
Number_Infant_Deaths,Infant Mortality Rate,0.03065273978640326
Number_Child_Deaths,Infant_Mortality_Rate_Black,0.030395979770169352
Percent_Diabetic,Percent_Limited_Access,0.030253799344707212
Homicide_Rate,Percent_65_and_over,0.030152873976418835
Percent_Uninsured_Adults,DensitySQMile,0.030148218100525412
Child_Mortality_Rate,Drug_Overdose_Mortality_Rate,0.03001293695685117
Child_Mortality_Rate,Percent_Female,0.029655709572573796
COVID_Confirm,Child_Mortality_Rate_Hispanic,0.02960681077712544
Range Drug Overdose Mortality Rate,Percent_Hawaiian_PacificIslander,0.02955542852275743
Child_Mortality_Rate_Hispanic,Percent_Frequent_Mental_Distress,0.029275069074228142
Age_Adjusted_Mortality_Black,Percent_Female,0.02920582782782931
Segregation_Index_Nonwhite_White,Percent_ Not_Proficient_English,0.02901372617970064
Infant_Mortality_Rate_Hispanic,PCP_Rate,0.028640444659917528
Percent_Insufficient_ Sleep,DensitySQMile,0.02856415216565535
Firearm_Fatalities_Rate,Percent_Hispanic,0.028537494501457247
Infant_Mortality_Rate_Hispanic,Percent_Limited_Access,0.028511467672090583
Percent_Frequent_Physical_Distress,Percent_Hispanic,0.02849372145244712
Percent_Limited_Access,Percent_Hawaiian_PacificIslander,0.028321288860242617
Age_Adjusted_Mortality_White,Percent_Female,0.028274521837587382
Percent_Disconnected_Youth,DensitySQMile,0.02813918550306367
Percent_Frequent_Mental_Distress,Segregation_Index_Nonwhite_White,0.028120683412250866
PCP_Rate,DensitySQMile,0.027945899489451382
Segregation_Index_Black_White,Percent_Hawaiian_PacificIslander,0.027828929854766295
Child_Mortality_Rate_White,HIV_Prevalence_Rate,0.027755571855517767
Infant_Mortality_Rate_Hispanic,Percent_Rural,0.02766520964483592
Child_Mortality_Rate,Number_Infant_Deaths,0.027602089805173324
Age_Adjusted_Mortality_Black,Child_Mortality_Rate_Hispanic,0.02758063369017932
Percent_White,Percent_Female,0.027418164257668125
Infant_Mortality_Rate_Hispanic,Range Drug Overdose Mortality Rate,0.027328874323832332
Child_Mortality_Rate_White,Percent_American_Alaskan_Indian,0.027317506232279
Child_Mortality_Rate_Black,Segregation_Index_Black_White,0.027243980493660707
Percent_African_American,Percent_Asian,0.027225543600998957
Household_ income_White,Percent_African_American,0.027040243469797366
Percent_Insufficient_ Sleep,PCP_Rate,0.026980775550116264
Age_Adjusted_Mortality,Age_Adjusted_Mortality_Hispanic,0.02692170201076774
Infant_Mortality_Rate_Black,Drug_Overdose_Mortality_Rate,0.026874094709008808
Household_ income_Hispanic,DensitySQMile,0.026786103560167737
Percent_American_Alaskan_Indian,Percent_Hawaiian_PacificIslander,0.02661022398666727
Percent_American_Alaskan_Indian,Percent_Female,0.026517684046689527
Child_Mortality_Rate_Hispanic,Heath_Care_Costs,0.02650084467831705
Percent_Uninsured_Children,Heath_Care_Costs,0.026468401014994116
Household_ income_Black,DensitySQMile,0.02643112506241156
COVID_Confirm,Percent_Hawaiian_PacificIslander,0.026336923855955884
Infant_Mortality_Rate_Black,Percent_Under18,0.026275857247868892
Number_Child_Deaths,Infant Mortality Rate,0.026198031656659806
Infant_Mortality_Rate_White,Percent_Limited_Access,0.02610616185192569
Age_Adjusted_Mortality_Hispanic,Child_Mortality_Rate_White,0.02610270825393456
HIV_Prevalence_Rate,Motor_Vehicle_Mortality_Rate,0.025991800464740485
Child_Mortality_Rate_Hispanic,Household_ income_Hispanic,0.025955439751053588
Household_ income_White,Percent_American_Alaskan_Indian,0.025852299936241503
Infant_Mortality_Rate_Hispanic,Household_ income_Black,0.025718864013816106
Number_Infant_Deaths,Percent_Female,0.025686893513744324
Child_Mortality_Rate_Hispanic,Percent_Uninsured_Adults,0.025214288131984886
Percent_Limited_Access,Percent_Disconnected_Youth,0.025163321556492424
Infant Mortality Rate,DensitySQMile,0.025109143193092785
Number_Adult_Deaths,Infant_Mortality_Rate_Black,0.024646549085775078
Percent_Food_Insecure,Percent_Hawaiian_PacificIslander,0.024612928692439303
Age_Adjusted_Mortality,Percent_65_and_over,0.02447813300572816
Infant_Mortality_Rate_White,Percent_White,0.02425007865888937
Age_Adjusted_Mortality_White,Infant_Mortality_Rate_Black,0.024195554120844308
Age_Adjusted_Mortality_Black,Infant_Mortality_Rate_White,0.02362863506820735
Percent_Insufficient_ Sleep,Percent_Hawaiian_PacificIslander,0.023542308887688865
Segregation_Index_Black_White,Percent_Under18,0.023412200172811204
Segregation_Index_Nonwhite_White,Percent_American_Alaskan_Indian,0.023382681554123964
PCP_Rate,Percent_65_and_over,0.023161867643452533
Heath_Care_Costs,Percent_Female,0.022995605664466328
Percent_Diabetic,Percent_American_Alaskan_Indian,0.022901587054465454
Percent_Frequent_Physical_Distress,Percent_65_and_over,0.02275187778423118
COVID_Death,Percent_American_Alaskan_Indian,0.022562977562149505
COVID_Confirm,Percent_American_Alaskan_Indian,0.022202475761108367
Percent_Uninsured_Children,Household_ income_Black,0.022184136995478818
Percent_Limited_Access,Percent_Rural,0.0219795479663439
Age_Adjusted_Mortality_Black,Percent_Under18,0.021783664325305947
Age_Adjusted_Mortality_Hispanic,Heath_Care_Costs,0.021748246742566126
Percent_Food_Insecure,Percent_65_and_over,0.02168529711289712
Range Drug Overdose Mortality Rate,Segregation_Index_Nonwhite_White,0.02162639765073481
Percent_Uninsured_Children,Percent_Hawaiian_PacificIslander,0.021468584824787588
Age_Adjusted_Mortality_Hispanic,Percent_Under18,0.02140197820951375
Child_Mortality_Rate_Black,Percent_American_Alaskan_Indian,0.021232717204650017
Percent_Frequent_Physical_Distress,Percent_Under18,0.02112375768221709
Infant_Mortality_Rate_Black,Household_Income,0.021039818568042955
COVID_Confirm,Heath_Care_Costs,0.020996000219749632
Percent_Hawaiian_PacificIslander,DensitySQMile,0.020939846532677116
Child_Mortality_Rate_Black,Percent_African_American,0.020791055457762588
Household_ income_White,Segregation_Index_Black_White,0.020670830914707713
Child_Mortality_Rate_Hispanic,Percent_Frequent_Physical_Distress,0.020332571167081554
Age_Adjusted_Mortality_White,Percent_65_and_over,0.02021929713443767
Age_Adjusted_Mortality_Black,Segregation_Index_Nonwhite_White,0.020153754348946926
Number_Adult_Deaths,Percent_Uninsured_Adults,0.020146245555699566
Infant_Mortality_Rate_Black,Percent_Food_Insecure,0.01999840112793091
COVID_Death,Child_Mortality_Rate_Hispanic,0.01992602052131062
Segregation_Index_Black_White,Percent_Female,0.019869954159644872
Child_Mortality_Rate_Hispanic,DensitySQMile,0.01985807078373837
Percent_Frequent_Mental_Distress,Percent_65_and_over,0.019811661810459413
Percent_Free_Reduced_Lunch,Percent_Hawaiian_PacificIslander,0.019698744560599977
Percent_Uninsured_Adults,Percent_65_and_over,0.01944843268215447
Percent_Female,DensitySQMile,0.019411528146127358
Age_Adjusted_Mortality_Hispanic,Household_Income,0.01910685570561781
Age_Adjusted_Mortality_Hispanic,Infant_Mortality_Rate_Black,0.019101737543029056
Number_Infant_Deaths,Percent_Insufficient_ Sleep,0.01909534989801917
Child_Mortality_Rate_Hispanic,Percent_Disconnected_Youth,0.01894168049327636
Child_Mortality_Rate,Percent_Under18,0.01890229873304186
Child_Mortality_Rate_Hispanic,Percent_Rural,0.018822299294028337
Age_Adjusted_Mortality_Hispanic,Percent_Rural,0.018810526670243903
Percent_Frequent_Mental_Distress,Percent_Hawaiian_PacificIslander,0.018741183240551778
Percent_Frequent_Physical_Distress,Percent_Hawaiian_PacificIslander,0.018650469198141163
Household_Income,Segregation_Index_Nonwhite_White,0.01864805833661705
Infant_Mortality_Rate_Hispanic,Percent_Hispanic,0.018574892172330635
Number_Child_Deaths,Household_ income_Black,0.018509248610778274
Number_Infant_Deaths,Percent_American_Alaskan_Indian,0.018105660543373845
Child_Mortality_Rate_Hispanic,Percent_Under18,0.017980042298269265
Age_Adjusted_Mortality_Hispanic,Percent_65_and_over,0.01797279983797614
Child_Mortality_Rate_Black,Percent_Under18,0.017881604099154878
Age_Adjusted_Mortality_Hispanic,Child_Mortality_Rate,0.0178037857432104
Age_Adjusted_Mortality,PCP_Rate,0.017769282273403044
Percent_American_Alaskan_Indian,DensitySQMile,0.01756185529044266
Percent_Limited_Access,Segregation_Index_Black_White,0.017461926301857035
Firearm_Fatalities_Rate,Percent_Female,0.01724989518486854
Percent_Diabetic,Percent_Uninsured_Children,0.017182085945220117
Segregation_Index_Nonwhite_White,Percent_Hawaiian_PacificIslander,0.017178961717769878
Number_Infant_Deaths,Percent_Free_Reduced_Lunch,0.01706010787083679
Child_Mortality_Rate_Hispanic,Percent_Limited_Access,0.017043864803921012
Child_Mortality_Rate_White,Percent_Hawaiian_PacificIslander,0.016955144539531786
Number_Child_Deaths,Percent_American_Alaskan_Indian,0.01694818887443334
Infant_Mortality_Rate_Hispanic,Population,0.016934180691977177
PCP_Rate,Percent_ Not_Proficient_English,0.01677338644167995
Age_Adjusted_Mortality_Hispanic,Percent_White,0.01673383082190661
Infant_Mortality_Rate_Hispanic,Percent_Under18,0.016696551716652668
Child_Mortality_Rate_White,Infant_Mortality_Rate_Hispanic,0.016687468838938884
Age_Adjusted_Mortality,Percent_Uninsured_Children,0.0165450896193178
Number_Infant_Deaths,Infant_Mortality_Rate_Hispanic,0.016516335595811005
Child_Mortality_Rate_Black,Percent_Disconnected_Youth,0.016440700296717042
COVID_Confirm,Infant_Mortality_Rate_Hispanic,0.016405814785111078
Number_Adult_Deaths,Percent_Food_Insecure,0.01636793519526647
Child_Mortality_Rate_White,Percent_ Not_Proficient_English,0.016273150524736164
Number_Child_Deaths,Drug_Overdose_Mortality_Rate,0.01602342771000456
Child_Mortality_Rate_Black,Percent_Uninsured_Children,0.015783897439911352
Number_Adult_Deaths,Age_Adjusted_Mortality_Hispanic,0.01575786854007204
Infant_Mortality_Rate_Black,Range Drug Overdose Mortality Rate,0.015524654812535996
Percent_Free_Reduced_Lunch,DensitySQMile,0.015486038806384378
Infant_Mortality_Rate_White,PCP_Rate,0.015471414158714784
Child_Mortality_Rate_Black,Percent_Limited_Access,0.015257824188549146
Number_Infant_Deaths,Infant_Mortality_Rate_Black,0.015184132262540178
Infant_Mortality_Rate_Hispanic,Drug_Overdose_Mortality_Rate,0.01516031661430728
COVID_Confirm,Age_Adjusted_Mortality_Hispanic,0.014767317113213082
Percent_Insufficient_ Sleep,Percent_Rural,0.014707025004890717
Age_Adjusted_Mortality_Hispanic,DensitySQMile,0.01469224696479874
Drug_Overdose_Mortality_Rate,Homicide_Rate,0.014616575198149202
Percent_Food_Insecure,DensitySQMile,0.014477265702994738
Range Drug Overdose Mortality Rate,DensitySQMile,0.014358321717062045
Infant_Mortality_Rate_Black,DensitySQMile,0.014333928838388273
Percent_African_American,Percent_ Not_Proficient_English,0.01402831469126137
Child_Mortality_Rate_White,Household_ income_Black,0.014023483433882824
Age_Adjusted_Mortality,Percent_Under18,0.013938140133085015
Number_Child_Deaths,Child_Mortality_Rate_Hispanic,0.01382738192106195
Household_ income_Hispanic,Percent_American_Alaskan_Indian,0.013775282932055674
Household_ income_Hispanic,Segregation_Index_Nonwhite_White,0.01369676216007939
Child_Mortality_Rate,Infant_Mortality_Rate_Black,0.01363273841064139
Child_Mortality_Rate,Segregation_Index_Nonwhite_White,0.013552574606306279
Percent_Under18,DensitySQMile,0.01341747642433284
Percent_Food_Insecure,PCP_Rate,0.013311989642066986
Infant_Mortality_Rate_Hispanic,Household_ income_White,0.012831421181687395
Infant_Mortality_Rate_Black,Percent_Disconnected_Youth,0.012822016937207732
PCP_Rate,Homicide_Rate,0.012526048743049828
Percent_Limited_Access,Segregation_Index_Nonwhite_White,0.012386753345203665
Number_Adult_Deaths,Child_Mortality_Rate_Hispanic,0.012323462947447149
Percent_Frequent_Physical_Distress,Percent_Uninsured_Children,0.01221761116290453
Segregation_Index_Nonwhite_White,Percent_White,0.012199309274571616
Child_Mortality_Rate_Hispanic,Infant Mortality Rate,0.011897987955059457
Infant_Mortality_Rate_Black,Percent_American_Alaskan_Indian,0.011792151081684372
COVID_Confirm,Range Drug Overdose Mortality Rate,0.01175366842694471
Number_Child_Deaths,Percent_Free_Reduced_Lunch,0.011027822771783194
Age_Adjusted_Mortality_White,Percent_American_Alaskan_Indian,0.010969533055673802
Child_Mortality_Rate_Black,Percent_Uninsured_Adults,0.010785728253580092
Child_Mortality_Rate_White,Infant_Mortality_Rate_Black,0.01058233644720804
COVID_Death,Age_Adjusted_Mortality_Hispanic,0.010548444822428893
Child_Mortality_Rate_Hispanic,Percent_Female,0.010456681367543777
Age_Adjusted_Mortality_Hispanic,Percent_Hawaiian_PacificIslander,0.010318264625966125
Child_Mortality_Rate_Hispanic,PCP_Rate,0.010298878717974198
Infant_Mortality_Rate_Hispanic,DensitySQMile,0.010278881222509173
COVID_Confirm,Drug_Overdose_Mortality_Rate,0.010205677697916806
Infant_Mortality_Rate_Hispanic,Percent_Hawaiian_PacificIslander,0.010155860522001126
Infant Mortality Rate,Percent_65_and_over,0.0100008405850865
Infant_Mortality_Rate_Hispanic,Percent_Uninsured_Children,0.009984506570396371
Segregation_Index_Nonwhite_White,Percent_Under18,0.009908277182976311
Age_Adjusted_Mortality_Hispanic,Number_Infant_Deaths,0.00971178537973872
Infant_Mortality_Rate_Black,Motor_Vehicle_Mortality_Rate,0.009601102313316918
Number_Infant_Deaths,Percent_Under18,0.009403987830936402
Percent_Frequent_Physical_Distress,PCP_Rate,0.009211975613415874
Number_Infant_Deaths,Drug_Overdose_Mortality_Rate,0.009019054802450755
PCP_Rate,Percent_Hawaiian_PacificIslander,0.008918889739062595
Household_ income_Hispanic,Percent_Hispanic,0.008419359846067757
Age_Adjusted_Mortality_Hispanic,Household_ income_Hispanic,0.008221584583084873
Child_Mortality_Rate_Hispanic,Percent_American_Alaskan_Indian,0.008190341682954955
Child_Mortality_Rate_Black,PCP_Rate,0.008027230971747679
Percent_Free_Reduced_Lunch,Percent_Under18,0.007975609945797693
Number_Child_Deaths,Infant_Mortality_Rate_Hispanic,0.007933734108614166
PCP_Rate,Firearm_Fatalities_Rate,0.007772425925596916
Range Drug Overdose Mortality Rate,Percent_Uninsured_Children,0.0077538152129685844
Heath_Care_Costs,Population,0.0077283838826222966
Infant_Mortality_Rate_Black,PCP_Rate,0.007627469989856262
Child_Mortality_Rate,Range Drug Overdose Mortality Rate,0.007597821212566869
Heath_Care_Costs,DensitySQMile,0.0075801068730194125
Number_Infant_Deaths,Range Drug Overdose Mortality Rate,0.0071587090822181725
Number_Child_Deaths,Percent_Limited_Access,0.007126149525472532
HIV_Prevalence_Rate,Percent_Hawaiian_PacificIslander,0.007116859560401583
COVID_Death,Percent_Hawaiian_PacificIslander,0.006914634154125357
Infant_Mortality_Rate_Black,Percent_Frequent_Physical_Distress,0.006663274836303793
Percent_Diabetic,Segregation_Index_Nonwhite_White,0.006142717464801989
Age_Adjusted_Mortality_Black,PCP_Rate,0.0061133532851562825
Child_Mortality_Rate_White,Percent_Hispanic,0.006007416507974482
Number_Infant_Deaths,Percent_Food_Insecure,0.005990127563262944
Child_Mortality_Rate,PCP_Rate,0.005817706076209016
Homicide_Rate,DensitySQMile,0.005706666924670313
Child_Mortality_Rate_Hispanic,Household_ income_Black,0.0055445795660624235
Child_Mortality_Rate_Black,Child_Mortality_Rate_Hispanic,0.005542821911283048
Infant_Mortality_Rate_Black,Percent_Frequent_Mental_Distress,0.005439568693296185
Infant Mortality Rate,PCP_Rate,0.005087865701186345
Infant_Mortality_Rate_White,HIV_Prevalence_Rate,0.004903312400449847
Number_Adult_Deaths,Infant_Mortality_Rate_Hispanic,0.0047063635869969925
Percent_Under18,Percent_African_American,0.004638920654376987
Age_Adjusted_Mortality_Black,Percent_American_Alaskan_Indian,0.004627317502535257
Percent_Frequent_Physical_Distress,Segregation_Index_Nonwhite_White,0.00440365083755233
Age_Adjusted_Mortality_Hispanic,Number_Child_Deaths,0.004380363616852382
Infant_Mortality_Rate_White,Percent_Hawaiian_PacificIslander,0.004277588088853857
Household_ income_Hispanic,Percent_Female,0.004225734366119766
Percent_Hawaiian_PacificIslander,Percent_Female,0.004196481931866998
Infant_Mortality_Rate_Black,Percent_65_and_over,0.004071309280477307
Child_Mortality_Rate_Black,Infant_Mortality_Rate_Hispanic,0.003992286573512775
Segregation_Index_Black_White,Percent_Asian,0.003971496116458965
Household_ income_Hispanic,Percent_Hawaiian_PacificIslander,0.0038638339375709463
Percent_Limited_Access,Range Drug Overdose Mortality Rate,0.0036148438079984953
Infant_Mortality_Rate_Black,HIV_Prevalence_Rate,0.0034809452152055123
Segregation_Index_Black_White,DensitySQMile,0.0032756655148324107
Drug_Overdose_Mortality_Rate,Population,0.003232033001445548
Age_Adjusted_Mortality_White,Child_Mortality_Rate_Hispanic,0.0032205748837972137
Age_Adjusted_Mortality,Child_Mortality_Rate_Hispanic,0.0031839691962207073
Age_Adjusted_Mortality,Segregation_Index_Nonwhite_White,0.003161349960609401
Household_ income_Hispanic,Percent_ Not_Proficient_English,0.0031106095279963947
HIV_Prevalence_Rate,Percent_Uninsured_Children,0.0028505079306623475
Child_Mortality_Rate_Hispanic,Percent_65_and_over,0.00262208302258705
COVID_Death,Infant_Mortality_Rate_Hispanic,0.0025952327030911338
Infant_Mortality_Rate_Black,Household_ income_Hispanic,0.0024188683663874553
Number_Infant_Deaths,Heath_Care_Costs,0.0022899831897181646
Infant Mortality Rate,Percent_Uninsured_Children,0.002286163287352575
Percent_Limited_Access,Heath_Care_Costs,0.0021645150939259435
Percent_Uninsured_Children,Homicide_Rate,0.0017321485473007
Heath_Care_Costs,PCP_Rate,0.0016997196910898116
Age_Adjusted_Mortality_White,Percent_Under18,0.0014236680364840546
Age_Adjusted_Mortality_Hispanic,Percent_Disconnected_Youth,0.0011709397111780376
Percent_Frequent_Mental_Distress,PCP_Rate,0.0010375133564166261
Infant_Mortality_Rate_White,Percent_Under18,0.0010140596221436713
Infant_Mortality_Rate_Hispanic,Percent_65_and_over,0.0009288316561400408
Drug_Overdose_Mortality_Rate,DensitySQMile,0.0007977356781848418
Percent_Uninsured_Adults,Percent_Female,0.0007314944596817337
Percent_Limited_Access,Percent_Insufficient_ Sleep,0.0005700337210514138
